,No.,Name,Position,Height,Points,Assists,Ds,Turns,url,Team,Seed,UpperName
0,0.0,Samantha Rodenberg,Cutter,"1'0""",3.0,1.0,2.0,2.0,/events/teams/?EventTeamId=ZBOMiHxU7Y3u8LvX8W8DR2gVhmfjTjOC5ZcZNhhUBS8%3d,Seattle Riot,1,SAMANTHA RODENBERG
1,1.0,Kelly Johnson,Handler,,3.0,10.0,7.0,6.0,/events/teams/?EventTeamId=ZBOMiHxU7Y3u8LvX8W8DR2gVhmfjTjOC5ZcZNhhUBS8%3d,Seattle Riot,1,KELLY JOHNSON
2,3.0,Molly Sinnott,,,3.0,2.0,2.0,,/events/teams/?EventTeamId=ZBOMiHxU7Y3u8LvX8W8DR2gVhmfjTjOC5ZcZNhhUBS8%3d,Seattle Riot,1,MOLLY SINNOTT
3,7.0,Calise Cardenas,Deep,,1.0,1.0,2.0,1.0,/events/teams/?EventTeamId=ZBOMiHxU7Y3u8LvX8W8DR2gVhmfjTjOC5ZcZNhhUBS8%3d,Seattle Riot,1,CALISE CARDENAS
4,8.0,Rachel Bradshaw,Deep,,5.0,3.0,,1.0,/events/teams/?EventTeamId=ZBOMiHxU7Y3u8LvX8W8DR2gVhmfjTjOC5ZcZNhhUBS8%3d,Seattle Riot,1,RACHEL BRADSHAW
5,9.0,Qxhna Titcomb,Handler,"5'7""",3.0,11.0,2.0,7.0,/events/teams/?EventTeamId=ZBOMiHxU7Y3u8LvX8W8DR2gVhmfjTjOC5ZcZNhhUBS8%3d,Seattle Riot,1,QXHNA TITCOMB
6,10.0,Shira Stern,Cutter,"5'5""",2.0,,1.0,,/events/teams/?EventTeamId=ZBOMiHxU7Y3u8LvX8W8DR2gVhmfjTjOC5ZcZNhhUBS8%3d,Seattle Riot,1,SHIRA STERN
7,11.0,Kaede Yoshida,,,5.0,7.0,1.0,5.0,/events/teams/?EventTeamId=ZBOMiHxU7Y3u8LvX8W8DR2gVhmfjTjOC5ZcZNhhUBS8%3d,Seattle Riot,1,KAEDE YOSHIDA
8,14.0,Hana Kawai,Deep,,3.0,14.0,4.0,6.0,/events/teams/?EventTeamId=ZBOMiHxU7Y3u8LvX8W8DR2gVhmfjTjOC5ZcZNhhUBS8%3d,Seattle Riot,1,HANA KAWAI
9,15.0,Bailey Zahniser,Cutter,,3.0,1.0,1.0,3.0,/events/teams/?EventTeamId=ZBOMiHxU7Y3u8LvX8W8DR2gVhmfjTjOC5ZcZNhhUBS8%3d,Seattle Riot,1,BAILEY ZAHNISER
10,16.0,Cassandra Swafford,Handler/Cutter,,3.0,4.0,1.0,3.0,/events/teams/?EventTeamId=ZBOMiHxU7Y3u8LvX8W8DR2gVhmfjTjOC5ZcZNhhUBS8%3d,Seattle Riot,1,CASSANDRA SWAFFORD
11,17.0,Dominique Fontenette,Mid,,6.0,2.0,1.0,2.0,/events/teams/?EventTeamId=ZBOMiHxU7Y3u8LvX8W8DR2gVhmfjTjOC5ZcZNhhUBS8%3d,Seattle Riot,1,DOMINIQUE FONTENETTE
12,18.0,Madeline Gilbert,Cutter,"1'0""",3.0,1.0,,1.0,/events/teams/?EventTeamId=ZBOMiHxU7Y3u8LvX8W8DR2gVhmfjTjOC5ZcZNhhUBS8%3d,Seattle Riot,1,MADELINE GILBERT
13,19.0,Hannah Kreilkamp,,,2.0,5.0,,6.0,/events/teams/?EventTeamId=ZBOMiHxU7Y3u8LvX8W8DR2gVhmfjTjOC5ZcZNhhUBS8%3d,Seattle Riot,1,HANNAH KREILKAMP
14,20.0,Kristin (Charlie) Eide,Handler/Cutter,"5'7""",3.0,3.0,1.0,3.0,/events/teams/?EventTeamId=ZBOMiHxU7Y3u8LvX8W8DR2gVhmfjTjOC5ZcZNhhUBS8%3d,Seattle Riot,1,KRISTIN (CHARLIE) EIDE
15,21.0,Molly McKeon,Deep,"5'5""",2.0,,,1.0,/events/teams/?EventTeamId=ZBOMiHxU7Y3u8LvX8W8DR2gVhmfjTjOC5ZcZNhhUBS8%3d,Seattle Riot,1,MOLLY MCKEON
16,22.0,Jack Verzuh,Dump,"6'0""",17.0,9.0,3.0,3.0,/events/teams/?EventTeamId=ZBOMiHxU7Y3u8LvX8W8DR2gVhmfjTjOC5ZcZNhhUBS8%3d,Seattle Riot,1,JACK VERZUH
17,23.0,Aimie Kawai,Cutter,,4.0,,3.0,2.0,/events/teams/?EventTeamId=ZBOMiHxU7Y3u8LvX8W8DR2gVhmfjTjOC5ZcZNhhUBS8%3d,Seattle Riot,1,AIMIE KAWAI
18,25.0,Alyssa Weatherford,Handler,"5'5""",2.0,5.0,2.0,9.0,/events/teams/?EventTeamId=ZBOMiHxU7Y3u8LvX8W8DR2gVhmfjTjOC5ZcZNhhUBS8%3d,Seattle Riot,1,ALYSSA WEATHERFORD
19,27.0,Julia Snyder,Handler,,,3.0,1.0,2.0,/events/teams/?EventTeamId=ZBOMiHxU7Y3u8LvX8W8DR2gVhmfjTjOC5ZcZNhhUBS8%3d,Seattle Riot,1,JULIA SNYDER
20,31.0,Stephanie Lim,Handler,,2.0,1.0,,1.0,/events/teams/?EventTeamId=ZBOMiHxU7Y3u8LvX8W8DR2gVhmfjTjOC5ZcZNhhUBS8%3d,Seattle Riot,1,STEPHANIE LIM
21,32.0,Linnea Soo,Defense (Cutter),"5'4""",,,,,/events/teams/?EventTeamId=ZBOMiHxU7Y3u8LvX8W8DR2gVhmfjTjOC5ZcZNhhUBS8%3d,Seattle Riot,1,LINNEA SOO
22,44.0,Abbie Abramovich,,,11.0,4.0,1.0,2.0,/events/teams/?EventTeamId=ZBOMiHxU7Y3u8LvX8W8DR2gVhmfjTjOC5ZcZNhhUBS8%3d,Seattle Riot,1,ABBIE ABRAMOVICH
23,81.0,Charlie Mercer,Mid,,,,,,/events/teams/?EventTeamId=ZBOMiHxU7Y3u8LvX8W8DR2gVhmfjTjOC5ZcZNhhUBS8%3d,Seattle Riot,1,CHARLIE MERCER
0,0.0,Eileen Duffner,Handler,"5'9""",10.0,3.0,,8.0,/events/teams/?EventTeamId=KYLnhY%2fuEAw5ALV3%2fxjP0ExJXt9fSDPL%2bBloW4sGlqM%3d,Nemesis,11,EILEEN DUFFNER
1,1.0,Allison Fish,,,,7.0,1.0,5.0,/events/teams/?EventTeamId=KYLnhY%2fuEAw5ALV3%2fxjP0ExJXt9fSDPL%2bBloW4sGlqM%3d,Nemesis,11,ALLISON FISH
2,2.0,Elizabeth Arakaki,,,3.0,1.0,1.0,,/events/teams/?EventTeamId=KYLnhY%2fuEAw5ALV3%2fxjP0ExJXt9fSDPL%2bBloW4sGlqM%3d,Nemesis,11,ELIZABETH ARAKAKI
3,4.0,Monica Matsumoto,,,,,,,/events/teams/?EventTeamId=KYLnhY%2fuEAw5ALV3%2fxjP0ExJXt9fSDPL%2bBloW4sGlqM%3d,Nemesis,11,MONICA MATSUMOTO
4,5.0,Anna Thorn,Handler,"5'6""",,2.0,,,/events/teams/?EventTeamId=KYLnhY%2fuEAw5ALV3%2fxjP0ExJXt9fSDPL%2bBloW4sGlqM%3d,Nemesis,11,ANNA THORN
5,6.0,Risa Umeno,Cutter,"5'3""",2.0,1.0,,1.0,/events/teams/?EventTeamId=KYLnhY%2fuEAw5ALV3%2fxjP0ExJXt9fSDPL%2bBloW4sGlqM%3d,Nemesis,11,RISA UMENO
6,7.0,Madison Moore,,,1.0,1.0,1.0,3.0,/events/teams/?EventTeamId=KYLnhY%2fuEAw5ALV3%2fxjP0ExJXt9fSDPL%2bBloW4sGlqM%3d,Nemesis,11,MADISON MOORE
7,8.0,Christina Sur,,"5'5""",5.0,6.0,1.0,5.0,/events/teams/?EventTeamId=KYLnhY%2fuEAw5ALV3%2fxjP0ExJXt9fSDPL%2bBloW4sGlqM%3d,Nemesis,11,CHRISTINA SUR
8,9.0,Cassandra Brown,Handler,"5'4""",1.0,1.0,1.0,,/events/teams/?EventTeamId=KYLnhY%2fuEAw5ALV3%2fxjP0ExJXt9fSDPL%2bBloW4sGlqM%3d,Nemesis,11,CASSANDRA BROWN
9,10.0,Emilie Willingham,Handler/Cutter,"5'9""",1.0,7.0,3.0,9.0,/events/teams/?EventTeamId=KYLnhY%2fuEAw5ALV3%2fxjP0ExJXt9fSDPL%2bBloW4sGlqM%3d,Nemesis,11,EMILIE WILLINGHAM
10,11.0,Beth Daviess,,"5'7""",,3.0,2.0,3.0,/events/teams/?EventTeamId=KYLnhY%2fuEAw5ALV3%2fxjP0ExJXt9fSDPL%2bBloW4sGlqM%3d,Nemesis,11,BETH DAVIESS
11,12.0,Jennifer Corcoran,,,3.0,13.0,,11.0,/events/teams/?EventTeamId=KYLnhY%2fuEAw5ALV3%2fxjP0ExJXt9fSDPL%2bBloW4sGlqM%3d,Nemesis,11,JENNIFER CORCORAN
12,14.0,Sarah Helding,,,1.0,,,1.0,/events/teams/?EventTeamId=KYLnhY%2fuEAw5ALV3%2fxjP0ExJXt9fSDPL%2bBloW4sGlqM%3d,Nemesis,11,SARAH HELDING
13,17.0,Erika Danckers,,,5.0,,,1.0,/events/teams/?EventTeamId=KYLnhY%2fuEAw5ALV3%2fxjP0ExJXt9fSDPL%2bBloW4sGlqM%3d,Nemesis,11,ERIKA DANCKERS
14,18.0,Sarah Kim,,"1'0""",5.0,4.0,2.0,3.0,/events/teams/?EventTeamId=KYLnhY%2fuEAw5ALV3%2fxjP0ExJXt9fSDPL%2bBloW4sGlqM%3d,Nemesis,11,SARAH KIM
15,19.0,Rachel Foster,,,2.0,2.0,5.0,10.0,/events/teams/?EventTeamId=KYLnhY%2fuEAw5ALV3%2fxjP0ExJXt9fSDPL%2bBloW4sGlqM%3d,Nemesis,11,RACHEL FOSTER
16,21.0,Clare Frantz,,,2.0,1.0,2.0,4.0,/events/teams/?EventTeamId=KYLnhY%2fuEAw5ALV3%2fxjP0ExJXt9fSDPL%2bBloW4sGlqM%3d,Nemesis,11,CLARE FRANTZ
17,22.0,Jessica LeDonne,,"5'2""",5.0,,3.0,2.0,/events/teams/?EventTeamId=KYLnhY%2fuEAw5ALV3%2fxjP0ExJXt9fSDPL%2bBloW4sGlqM%3d,Nemesis,11,JESSICA LEDONNE
18,24.0,Sarah Davis,,,,1.0,,4.0,/events/teams/?EventTeamId=KYLnhY%2fuEAw5ALV3%2fxjP0ExJXt9fSDPL%2bBloW4sGlqM%3d,Nemesis,11,SARAH DAVIS
19,31.0,Abby Shure,,,12.0,7.0,,5.0,/events/teams/?EventTeamId=KYLnhY%2fuEAw5ALV3%2fxjP0ExJXt9fSDPL%2bBloW4sGlqM%3d,Nemesis,11,ABBY SHURE
20,33.0,Joann Wong,,,2.0,,,,/events/teams/?EventTeamId=KYLnhY%2fuEAw5ALV3%2fxjP0ExJXt9fSDPL%2bBloW4sGlqM%3d,Nemesis,11,JOANN WONG
21,72.0,Jacqueline Jarik,,,5.0,8.0,3.0,14.0,/events/teams/?EventTeamId=KYLnhY%2fuEAw5ALV3%2fxjP0ExJXt9fSDPL%2bBloW4sGlqM%3d,Nemesis,11,JACQUELINE JARIK
22,84.0,Sarah Lipscomb,,"1'0""",11.0,7.0,2.0,3.0,/events/teams/?EventTeamId=KYLnhY%2fuEAw5ALV3%2fxjP0ExJXt9fSDPL%2bBloW4sGlqM%3d,Nemesis,11,SARAH LIPSCOMB
0,0.0,Yu Kanai,Handler,,,1.0,1.0,1.0,/events/teams/?EventTeamId=fSZZu71iq5wCWhvOfVsUDs37EU0EzqrhLvV8KMmqKrU%3d,uno,8,YU KANAI
1,2.0,Moyu Okamura,Handler,,7.0,11.0,2.0,8.0,/events/teams/?EventTeamId=fSZZu71iq5wCWhvOfVsUDs37EU0EzqrhLvV8KMmqKrU%3d,uno,8,MOYU OKAMURA
2,6.0,Nanako Tsuya,Handler,,,1.0,,,/events/teams/?EventTeamId=fSZZu71iq5wCWhvOfVsUDs37EU0EzqrhLvV8KMmqKrU%3d,uno,8,NANAKO TSUYA
3,13.0,Chisaki Moriishi,Mid,,2.0,,,3.0,/events/teams/?EventTeamId=fSZZu71iq5wCWhvOfVsUDs37EU0EzqrhLvV8KMmqKrU%3d,uno,8,CHISAKI MORIISHI
4,16.0,Yui Kashino,Mid,"5'2""",19.0,1.0,1.0,4.0,/events/teams/?EventTeamId=fSZZu71iq5wCWhvOfVsUDs37EU0EzqrhLvV8KMmqKrU%3d,uno,8,YUI KASHINO
5,23.0,Fumi Higuchi,Handler,,3.0,18.0,4.0,4.0,/events/teams/?EventTeamId=fSZZu71iq5wCWhvOfVsUDs37EU0EzqrhLvV8KMmqKrU%3d,uno,8,FUMI HIGUCHI
6,30.0,Saori Mizukami,Mid,,8.0,12.0,2.0,4.0,/events/teams/?EventTeamId=fSZZu71iq5wCWhvOfVsUDs37EU0EzqrhLvV8KMmqKrU%3d,uno,8,SAORI MIZUKAMI
7,32.0,Yurina Murakami,Mid,,3.0,1.0,,4.0,/events/teams/?EventTeamId=fSZZu71iq5wCWhvOfVsUDs37EU0EzqrhLvV8KMmqKrU%3d,uno,8,YURINA MURAKAMI
8,39.0,Tomoko Inamura,Handler,,8.0,20.0,1.0,18.0,/events/teams/?EventTeamId=fSZZu71iq5wCWhvOfVsUDs37EU0EzqrhLvV8KMmqKrU%3d,uno,8,TOMOKO INAMURA
9,55.0,Maiko Ito,Mid,,4.0,6.0,,3.0,/events/teams/?EventTeamId=fSZZu71iq5wCWhvOfVsUDs37EU0EzqrhLvV8KMmqKrU%3d,uno,8,MAIKO ITO
10,72.0,Saki Kato,Mid,,20.0,1.0,3.0,5.0,/events/teams/?EventTeamId=fSZZu71iq5wCWhvOfVsUDs37EU0EzqrhLvV8KMmqKrU%3d,uno,8,SAKI KATO
11,99.0,Natsumi Yoshida,Mid,,1.0,3.0,1.0,6.0,/events/teams/?EventTeamId=fSZZu71iq5wCWhvOfVsUDs37EU0EzqrhLvV8KMmqKrU%3d,uno,8,NATSUMI YOSHIDA
0,1.0,Alejandra Maria Torres Echeverri,Defense (Handler),"5'4""",,,,,/events/teams/?EventTeamId=VX%2bEBM7y7ZoFWtLhjJeRm%2f1B3IrSkM6Ew0N6qpXAj2M%3d,Revolution,2,ALEJANDRA MARIA TORRES ECHEVERRI
1,2.0,Estefania Carvajal,,,2.0,,,1.0,/events/teams/?EventTeamId=VX%2bEBM7y7ZoFWtLhjJeRm%2f1B3IrSkM6Ew0N6qpXAj2M%3d,Revolution,2,ESTEFANIA CARVAJAL
2,8.0,Manuela Cardenas,,,9.0,12.0,4.0,10.0,/events/teams/?EventTeamId=VX%2bEBM7y7ZoFWtLhjJeRm%2f1B3IrSkM6Ew0N6qpXAj2M%3d,Revolution,2,MANUELA CARDENAS
3,10.0,Madeleine (Maddy) Frey,Cutter,"5'7""",9.0,3.0,,2.0,/events/teams/?EventTeamId=VX%2bEBM7y7ZoFWtLhjJeRm%2f1B3IrSkM6Ew0N6qpXAj2M%3d,Revolution,2,MADELEINE (MADDY) FREY
4,11.0,Eliana Rico,,,,3.0,,2.0,/events/teams/?EventTeamId=VX%2bEBM7y7ZoFWtLhjJeRm%2f1B3IrSkM6Ew0N6qpXAj2M%3d,Revolution,2,ELIANA RICO
5,13.0,Ana Rojas,,,1.0,1.0,1.0,3.0,/events/teams/?EventTeamId=VX%2bEBM7y7ZoFWtLhjJeRm%2f1B3IrSkM6Ew0N6qpXAj2M%3d,Revolution,2,ANA ROJAS
6,14.0,Alejandra Uribe,,,1.0,2.0,2.0,,/events/teams/?EventTeamId=VX%2bEBM7y7ZoFWtLhjJeRm%2f1B3IrSkM6Ew0N6qpXAj2M%3d,Revolution,2,ALEJANDRA URIBE
7,15.0,Elizabeth Mosquera,,,9.0,7.0,6.0,8.0,/events/teams/?EventTeamId=VX%2bEBM7y7ZoFWtLhjJeRm%2f1B3IrSkM6Ew0N6qpXAj2M%3d,Revolution,2,ELIZABETH MOSQUERA
8,18.0,Lissandra Cabrera,,,,,,,/events/teams/?EventTeamId=VX%2bEBM7y7ZoFWtLhjJeRm%2f1B3IrSkM6Ew0N6qpXAj2M%3d,Revolution,2,LISSANDRA CABRERA
9,20.0,Yina Paola Cartagena,,,9.0,23.0,3.0,12.0,/events/teams/?EventTeamId=VX%2bEBM7y7ZoFWtLhjJeRm%2f1B3IrSkM6Ew0N6qpXAj2M%3d,Revolution,2,YINA PAOLA CARTAGENA
10,24.0,Maria Paula Santos Marin,Handler,"1'0""",6.0,4.0,1.0,1.0,/events/teams/?EventTeamId=VX%2bEBM7y7ZoFWtLhjJeRm%2f1B3IrSkM6Ew0N6qpXAj2M%3d,Revolution,2,MARIA PAULA SANTOS MARIN
11,27.0,Karen Rico,,,1.0,3.0,,3.0,/events/teams/?EventTeamId=VX%2bEBM7y7ZoFWtLhjJeRm%2f1B3IrSkM6Ew0N6qpXAj2M%3d,Revolution,2,KAREN RICO
12,31.0,Gabriela Jimenez,,,2.0,1.0,1.0,2.0,/events/teams/?EventTeamId=VX%2bEBM7y7ZoFWtLhjJeRm%2f1B3IrSkM6Ew0N6qpXAj2M%3d,Revolution,2,GABRIELA JIMENEZ
13,33.0,Maria Valeria Cardenas Velasquez,,,6.0,18.0,,7.0,/events/teams/?EventTeamId=VX%2bEBM7y7ZoFWtLhjJeRm%2f1B3IrSkM6Ew0N6qpXAj2M%3d,Revolution,2,MARIA VALERIA CARDENAS VELASQUEZ
14,44.0,Maria Fernanda Galindo,,,7.0,2.0,1.0,1.0,/events/teams/?EventTeamId=VX%2bEBM7y7ZoFWtLhjJeRm%2f1B3IrSkM6Ew0N6qpXAj2M%3d,Revolution,2,MARIA FERNANDA GALINDO
15,57.0,Ximena Montaña,,,9.0,,2.0,3.0,/events/teams/?EventTeamId=VX%2bEBM7y7ZoFWtLhjJeRm%2f1B3IrSkM6Ew0N6qpXAj2M%3d,Revolution,2,XIMENA MONTAÑA
16,91.0,Shanye Crawford,,,2.0,1.0,,3.0,/events/teams/?EventTeamId=VX%2bEBM7y7ZoFWtLhjJeRm%2f1B3IrSkM6Ew0N6qpXAj2M%3d,Revolution,2,SHANYE CRAWFORD
17,96.0,Maria Angelica Forero Becerra,,,10.0,3.0,4.0,5.0,/events/teams/?EventTeamId=VX%2bEBM7y7ZoFWtLhjJeRm%2f1B3IrSkM6Ew0N6qpXAj2M%3d,Revolution,2,MARIA ANGELICA FORERO BECERRA
0,0.0,Katie Weatherhead,Handler,"1'0""",2.0,3.0,,3.0,/events/teams/?EventTeamId=cvRQzsWHE398IehmBQSG0qqoCi3QPNYyhS8EQCSqeHE%3d,Schwa,7,KATIE WEATHERHEAD
1,1.0,Lillian Weaver,,,1.0,,1.0,3.0,/events/teams/?EventTeamId=cvRQzsWHE398IehmBQSG0qqoCi3QPNYyhS8EQCSqeHE%3d,Schwa,7,LILLIAN WEAVER
2,4.0,Emily Flock,,,1.0,1.0,1.0,1.0,/events/teams/?EventTeamId=cvRQzsWHE398IehmBQSG0qqoCi3QPNYyhS8EQCSqeHE%3d,Schwa,7,EMILY FLOCK
3,5.0,Kimber Coles,,,7.0,1.0,1.0,,/events/teams/?EventTeamId=cvRQzsWHE398IehmBQSG0qqoCi3QPNYyhS8EQCSqeHE%3d,Schwa,7,KIMBER COLES
4,7.0,Shea Brennan,Handler,"5'2""",2.0,2.0,1.0,3.0,/events/teams/?EventTeamId=cvRQzsWHE398IehmBQSG0qqoCi3QPNYyhS8EQCSqeHE%3d,Schwa,7,SHEA BRENNAN
5,8.0,Eva Popp,,,5.0,8.0,,1.0,/events/teams/?EventTeamId=cvRQzsWHE398IehmBQSG0qqoCi3QPNYyhS8EQCSqeHE%3d,Schwa,7,EVA POPP
6,9.0,Brenna Bailey,,,5.0,3.0,1.0,1.0,/events/teams/?EventTeamId=cvRQzsWHE398IehmBQSG0qqoCi3QPNYyhS8EQCSqeHE%3d,Schwa,7,BRENNA BAILEY
7,11.0,Rachel Egan,,"5'6""",5.0,3.0,1.0,,/events/teams/?EventTeamId=cvRQzsWHE398IehmBQSG0qqoCi3QPNYyhS8EQCSqeHE%3d,Schwa,7,RACHEL EGAN
8,12.0,Mariel Hammond,,,6.0,11.0,2.0,3.0,/events/teams/?EventTeamId=cvRQzsWHE398IehmBQSG0qqoCi3QPNYyhS8EQCSqeHE%3d,Schwa,7,MARIEL HAMMOND
9,15.0,Katie Blise,,,2.0,3.0,,6.0,/events/teams/?EventTeamId=cvRQzsWHE398IehmBQSG0qqoCi3QPNYyhS8EQCSqeHE%3d,Schwa,7,KATIE BLISE
10,16.0,Kristen Rosenblum,,"5'9""",3.0,3.0,2.0,1.0,/events/teams/?EventTeamId=cvRQzsWHE398IehmBQSG0qqoCi3QPNYyhS8EQCSqeHE%3d,Schwa,7,KRISTEN ROSENBLUM
11,17.0,Jenica Villamor,Handler,"5'7""",,,1.0,3.0,/events/teams/?EventTeamId=cvRQzsWHE398IehmBQSG0qqoCi3QPNYyhS8EQCSqeHE%3d,Schwa,7,JENICA VILLAMOR
12,18.0,Julia Sherwood,Handler,,7.0,13.0,1.0,12.0,/events/teams/?EventTeamId=cvRQzsWHE398IehmBQSG0qqoCi3QPNYyhS8EQCSqeHE%3d,Schwa,7,JULIA SHERWOOD
13,19.0,Georgina Tetlow,,"5'4""",3.0,3.0,,2.0,/events/teams/?EventTeamId=cvRQzsWHE398IehmBQSG0qqoCi3QPNYyhS8EQCSqeHE%3d,Schwa,7,GEORGINA TETLOW
14,22.0,Natalie Green,Handler,"5'2""",1.0,2.0,,,/events/teams/?EventTeamId=cvRQzsWHE398IehmBQSG0qqoCi3QPNYyhS8EQCSqeHE%3d,Schwa,7,NATALIE GREEN
15,27.0,Elizabeth Longmire,,,3.0,,1.0,4.0,/events/teams/?EventTeamId=cvRQzsWHE398IehmBQSG0qqoCi3QPNYyhS8EQCSqeHE%3d,Schwa,7,ELIZABETH LONGMIRE
16,33.0,Laura Bitterman,,,9.0,4.0,1.0,2.0,/events/teams/?EventTeamId=cvRQzsWHE398IehmBQSG0qqoCi3QPNYyhS8EQCSqeHE%3d,Schwa,7,LAURA BITTERMAN
17,34.0,Angelica Chambers,,,1.0,4.0,4.0,4.0,/events/teams/?EventTeamId=cvRQzsWHE398IehmBQSG0qqoCi3QPNYyhS8EQCSqeHE%3d,Schwa,7,ANGELICA CHAMBERS
18,37.0,Beckie Zipp Perston,Handler/Cutter,"5'8""",1.0,5.0,,3.0,/events/teams/?EventTeamId=cvRQzsWHE398IehmBQSG0qqoCi3QPNYyhS8EQCSqeHE%3d,Schwa,7,BECKIE ZIPP PERSTON
19,43.0,Ella Hansen,Dump,"10'11""",,8.0,,3.0,/events/teams/?EventTeamId=cvRQzsWHE398IehmBQSG0qqoCi3QPNYyhS8EQCSqeHE%3d,Schwa,7,ELLA HANSEN
20,44.0,Lyudmila Likhonina,,,3.0,1.0,1.0,1.0,/events/teams/?EventTeamId=cvRQzsWHE398IehmBQSG0qqoCi3QPNYyhS8EQCSqeHE%3d,Schwa,7,LYUDMILA LIKHONINA
21,47.0,Madeleine Franz,,,10.0,,2.0,2.0,/events/teams/?EventTeamId=cvRQzsWHE398IehmBQSG0qqoCi3QPNYyhS8EQCSqeHE%3d,Schwa,7,MADELEINE FRANZ
22,55.0,Emery Otopalik,Cutter,"5'7""",,5.0,,4.0,/events/teams/?EventTeamId=cvRQzsWHE398IehmBQSG0qqoCi3QPNYyhS8EQCSqeHE%3d,Schwa,7,EMERY OTOPALIK
23,99.0,Noelle Takahashi,,"5'6""",9.0,2.0,3.0,4.0,/events/teams/?EventTeamId=cvRQzsWHE398IehmBQSG0qqoCi3QPNYyhS8EQCSqeHE%3d,Schwa,7,NOELLE TAKAHASHI
0,1.0,Maggie O'Connor,,,1.0,1.0,1.0,1.0,/events/teams/?EventTeamId=H50%2b6ZMeJ5P1Fucta4XNILMkvJ3NH4INugNXKAPfc04%3d,Nightlock,12,MAGGIE O'CONNOR
1,2.0,Marisa Rafter,Handler,,5.0,6.0,3.0,12.0,/events/teams/?EventTeamId=H50%2b6ZMeJ5P1Fucta4XNILMkvJ3NH4INugNXKAPfc04%3d,Nightlock,12,MARISA RAFTER
2,4.0,Claire Leichter,,,3.0,1.0,,1.0,/events/teams/?EventTeamId=H50%2b6ZMeJ5P1Fucta4XNILMkvJ3NH4INugNXKAPfc04%3d,Nightlock,12,CLAIRE LEICHTER
3,9.0,Audrey Lyman,Cutter,"1'0""",,5.0,1.0,9.0,/events/teams/?EventTeamId=H50%2b6ZMeJ5P1Fucta4XNILMkvJ3NH4INugNXKAPfc04%3d,Nightlock,12,AUDREY LYMAN
4,10.0,Angela Aie,Handler,,1.0,1.0,,4.0,/events/teams/?EventTeamId=H50%2b6ZMeJ5P1Fucta4XNILMkvJ3NH4INugNXKAPfc04%3d,Nightlock,12,ANGELA AIE
5,11.0,Iris Leung,Cutter,,9.0,3.0,1.0,2.0,/events/teams/?EventTeamId=H50%2b6ZMeJ5P1Fucta4XNILMkvJ3NH4INugNXKAPfc04%3d,Nightlock,12,IRIS LEUNG
6,12.0,Alexandra Hasan,Cutter,"5'8""",1.0,2.0,1.0,6.0,/events/teams/?EventTeamId=H50%2b6ZMeJ5P1Fucta4XNILMkvJ3NH4INugNXKAPfc04%3d,Nightlock,12,ALEXANDRA HASAN
7,13.0,Michelle McGhee,Handler,"5'8""",6.0,4.0,3.0,4.0,/events/teams/?EventTeamId=H50%2b6ZMeJ5P1Fucta4XNILMkvJ3NH4INugNXKAPfc04%3d,Nightlock,12,MICHELLE MCGHEE
8,14.0,Emmy Kolanz,Cutter,,2.0,2.0,1.0,6.0,/events/teams/?EventTeamId=H50%2b6ZMeJ5P1Fucta4XNILMkvJ3NH4INugNXKAPfc04%3d,Nightlock,12,EMMY KOLANZ
9,15.0,Alison Griffith,Cutter,"5'8""",2.0,,1.0,2.0,/events/teams/?EventTeamId=H50%2b6ZMeJ5P1Fucta4XNILMkvJ3NH4INugNXKAPfc04%3d,Nightlock,12,ALISON GRIFFITH
10,16.0,Eliza Chang,Cutter,"5'6""",2.0,4.0,1.0,2.0,/events/teams/?EventTeamId=H50%2b6ZMeJ5P1Fucta4XNILMkvJ3NH4INugNXKAPfc04%3d,Nightlock,12,ELIZA CHANG
11,17.0,Julia Kwasnick,,"5'10""",3.0,1.0,3.0,1.0,/events/teams/?EventTeamId=H50%2b6ZMeJ5P1Fucta4XNILMkvJ3NH4INugNXKAPfc04%3d,Nightlock,12,JULIA KWASNICK
12,19.0,Adrienne Lemberger,Cutter,,4.0,1.0,3.0,6.0,/events/teams/?EventTeamId=H50%2b6ZMeJ5P1Fucta4XNILMkvJ3NH4INugNXKAPfc04%3d,Nightlock,12,ADRIENNE LEMBERGER
13,21.0,Megan Pera,,,,,,,/events/teams/?EventTeamId=H50%2b6ZMeJ5P1Fucta4XNILMkvJ3NH4INugNXKAPfc04%3d,Nightlock,12,MEGAN PERA
14,22.0,Kaitlin Swinnerton,Handler,,3.0,2.0,,6.0,/events/teams/?EventTeamId=H50%2b6ZMeJ5P1Fucta4XNILMkvJ3NH4INugNXKAPfc04%3d,Nightlock,12,KAITLIN SWINNERTON
15,23.0,Sabrina Fong,Handler,"1'0""",,,,,/events/teams/?EventTeamId=H50%2b6ZMeJ5P1Fucta4XNILMkvJ3NH4INugNXKAPfc04%3d,Nightlock,12,SABRINA FONG
16,24.0,Natasha Won,Handler,"5'3""",5.0,1.0,,2.0,/events/teams/?EventTeamId=H50%2b6ZMeJ5P1Fucta4XNILMkvJ3NH4INugNXKAPfc04%3d,Nightlock,12,NATASHA WON
17,27.0,Kira Lou,Cutter,"1'0""",4.0,3.0,2.0,2.0,/events/teams/?EventTeamId=H50%2b6ZMeJ5P1Fucta4XNILMkvJ3NH4INugNXKAPfc04%3d,Nightlock,12,KIRA LOU
18,42.0,Jackelyne Nguyen,Cutter,,,1.0,,2.0,/events/teams/?EventTeamId=H50%2b6ZMeJ5P1Fucta4XNILMkvJ3NH4INugNXKAPfc04%3d,Nightlock,12,JACKELYNE NGUYEN
19,44.0,Kara Hammer,,,2.0,4.0,,,/events/teams/?EventTeamId=H50%2b6ZMeJ5P1Fucta4XNILMkvJ3NH4INugNXKAPfc04%3d,Nightlock,12,KARA HAMMER
20,51.0,Shayla Harris,Cutter,,,2.0,1.0,1.0,/events/teams/?EventTeamId=H50%2b6ZMeJ5P1Fucta4XNILMkvJ3NH4INugNXKAPfc04%3d,Nightlock,12,SHAYLA HARRIS
21,71.0,Manisha Daryani,,,6.0,3.0,,2.0,/events/teams/?EventTeamId=H50%2b6ZMeJ5P1Fucta4XNILMkvJ3NH4INugNXKAPfc04%3d,Nightlock,12,MANISHA DARYANI
22,81.0,Lani Nguyen,,"5'3""",3.0,5.0,5.0,4.0,/events/teams/?EventTeamId=H50%2b6ZMeJ5P1Fucta4XNILMkvJ3NH4INugNXKAPfc04%3d,Nightlock,12,LANI NGUYEN
23,84.0,Hallie Dunham,Handler,"5'5""",2.0,9.0,1.0,12.0,/events/teams/?EventTeamId=H50%2b6ZMeJ5P1Fucta4XNILMkvJ3NH4INugNXKAPfc04%3d,Nightlock,12,HALLIE DUNHAM
24,89.0,Kimberly Long,,"5'5""",5.0,7.0,1.0,2.0,/events/teams/?EventTeamId=H50%2b6ZMeJ5P1Fucta4XNILMkvJ3NH4INugNXKAPfc04%3d,Nightlock,12,KIMBERLY LONG
0,1.0,Magon Liu,,"5'4""",8.0,3.0,2.0,5.0,/events/teams/?EventTeamId=yUlmZB%2f4AeyZdyhpXxsOjDoV8o4qiJUhSaey6hw6Ymg%3d,Fury,3,MAGON LIU
1,2.0,Marisa Mead,,,1.0,3.0,1.0,2.0,/events/teams/?EventTeamId=yUlmZB%2f4AeyZdyhpXxsOjDoV8o4qiJUhSaey6hw6Ymg%3d,Fury,3,MARISA MEAD
2,3.0,Sharon Lin,,"5'1""",2.0,2.0,3.0,3.0,/events/teams/?EventTeamId=yUlmZB%2f4AeyZdyhpXxsOjDoV8o4qiJUhSaey6hw6Ymg%3d,Fury,3,SHARON LIN
3,6.0,Sarah Griffith,Dump,"5'5""",6.0,3.0,2.0,1.0,/events/teams/?EventTeamId=yUlmZB%2f4AeyZdyhpXxsOjDoV8o4qiJUhSaey6hw6Ymg%3d,Fury,3,SARAH GRIFFITH
4,7.0,Octavia Payne,,,7.0,2.0,1.0,5.0,/events/teams/?EventTeamId=yUlmZB%2f4AeyZdyhpXxsOjDoV8o4qiJUhSaey6hw6Ymg%3d,Fury,3,OCTAVIA PAYNE
5,8.0,Nancy Sun,,,2.0,4.0,,2.0,/events/teams/?EventTeamId=yUlmZB%2f4AeyZdyhpXxsOjDoV8o4qiJUhSaey6hw6Ymg%3d,Fury,3,NANCY SUN
6,9.0,Marika Austin,,,7.0,2.0,1.0,1.0,/events/teams/?EventTeamId=yUlmZB%2f4AeyZdyhpXxsOjDoV8o4qiJUhSaey6hw6Ymg%3d,Fury,3,MARIKA AUSTIN
7,11.0,Carolyn Finney,,"1'0""",2.0,5.0,1.0,5.0,/events/teams/?EventTeamId=yUlmZB%2f4AeyZdyhpXxsOjDoV8o4qiJUhSaey6hw6Ymg%3d,Fury,3,CAROLYN FINNEY
8,12.0,Diana Charrier,,,4.0,2.0,1.0,1.0,/events/teams/?EventTeamId=yUlmZB%2f4AeyZdyhpXxsOjDoV8o4qiJUhSaey6hw6Ymg%3d,Fury,3,DIANA CHARRIER
9,13.0,Cree Howard,,,6.0,4.0,3.0,2.0,/events/teams/?EventTeamId=yUlmZB%2f4AeyZdyhpXxsOjDoV8o4qiJUhSaey6hw6Ymg%3d,Fury,3,CREE HOWARD
10,14.0,Yelena Gorlin,,,2.0,5.0,,1.0,/events/teams/?EventTeamId=yUlmZB%2f4AeyZdyhpXxsOjDoV8o4qiJUhSaey6hw6Ymg%3d,Fury,3,YELENA GORLIN
11,15.0,Julia Butterfield,Cutter,"5'10""",7.0,,2.0,2.0,/events/teams/?EventTeamId=yUlmZB%2f4AeyZdyhpXxsOjDoV8o4qiJUhSaey6hw6Ymg%3d,Fury,3,JULIA BUTTERFIELD
12,19.0,Amel Awadelkarim,Handler/Cutter,"5'5""",1.0,4.0,2.0,3.0,/events/teams/?EventTeamId=yUlmZB%2f4AeyZdyhpXxsOjDoV8o4qiJUhSaey6hw6Ymg%3d,Fury,3,AMEL AWADELKARIM
13,20.0,Bree Cahn,,,6.0,4.0,1.0,3.0,/events/teams/?EventTeamId=yUlmZB%2f4AeyZdyhpXxsOjDoV8o4qiJUhSaey6hw6Ymg%3d,Fury,3,BREE CAHN
14,21.0,Meeri Chang,,"5'3""",2.0,3.0,1.0,5.0,/events/teams/?EventTeamId=yUlmZB%2f4AeyZdyhpXxsOjDoV8o4qiJUhSaey6hw6Ymg%3d,Fury,3,MEERI CHANG
15,29.0,Kirstin Johnson,,"5'4""",1.0,3.0,2.0,4.0,/events/teams/?EventTeamId=yUlmZB%2f4AeyZdyhpXxsOjDoV8o4qiJUhSaey6hw6Ymg%3d,Fury,3,KIRSTIN JOHNSON
16,33.0,Anna Nazarov,,,2.0,9.0,1.0,4.0,/events/teams/?EventTeamId=yUlmZB%2f4AeyZdyhpXxsOjDoV8o4qiJUhSaey6hw6Ymg%3d,Fury,3,ANNA NAZAROV
17,38.0,Claire McKeever,Cutter,"5'3""",4.0,1.0,,1.0,/events/teams/?EventTeamId=yUlmZB%2f4AeyZdyhpXxsOjDoV8o4qiJUhSaey6hw6Ymg%3d,Fury,3,CLAIRE MCKEEVER
18,39.0,Anna Reed,,,3.0,4.0,2.0,1.0,/events/teams/?EventTeamId=yUlmZB%2f4AeyZdyhpXxsOjDoV8o4qiJUhSaey6hw6Ymg%3d,Fury,3,ANNA REED
19,44.0,Maggie Ruden,,,4.0,2.0,1.0,2.0,/events/teams/?EventTeamId=yUlmZB%2f4AeyZdyhpXxsOjDoV8o4qiJUhSaey6hw6Ymg%3d,Fury,3,MAGGIE RUDEN
20,47.0,Bethany Kaylor,,"1'0""",,6.0,1.0,2.0,/events/teams/?EventTeamId=yUlmZB%2f4AeyZdyhpXxsOjDoV8o4qiJUhSaey6hw6Ymg%3d,Fury,3,BETHANY KAYLOR
21,51.0,Claire Desmond,,,7.0,8.0,2.0,3.0,/events/teams/?EventTeamId=yUlmZB%2f4AeyZdyhpXxsOjDoV8o4qiJUhSaey6hw6Ymg%3d,Fury,3,CLAIRE DESMOND
22,66.0,Lakshmi Narayan,,,3.0,2.0,2.0,,/events/teams/?EventTeamId=yUlmZB%2f4AeyZdyhpXxsOjDoV8o4qiJUhSaey6hw6Ymg%3d,Fury,3,LAKSHMI NARAYAN
23,91.0,Jessica O'Connor,,,1.0,7.0,2.0,2.0,/events/teams/?EventTeamId=yUlmZB%2f4AeyZdyhpXxsOjDoV8o4qiJUhSaey6hw6Ymg%3d,Fury,3,JESSICA O'CONNOR
0,,Sophie Taylor,,,,,,,/events/teams/?EventTeamId=tusBc0hMoVeDjnWoFPlOTGVV1j5IJfrcDoUiQZo1Pb4%3d,Molly Brown,6,SOPHIE TAYLOR
1,2.0,Jesse Shofner,,,4.0,2.0,2.0,6.0,/events/teams/?EventTeamId=tusBc0hMoVeDjnWoFPlOTGVV1j5IJfrcDoUiQZo1Pb4%3d,Molly Brown,6,JESSE SHOFNER
2,3.0,Liza Minor,,,13.0,5.0,2.0,2.0,/events/teams/?EventTeamId=tusBc0hMoVeDjnWoFPlOTGVV1j5IJfrcDoUiQZo1Pb4%3d,Molly Brown,6,LIZA MINOR
3,5.0,Nhi Nguyen,,"5'5""",8.0,3.0,1.0,4.0,/events/teams/?EventTeamId=tusBc0hMoVeDjnWoFPlOTGVV1j5IJfrcDoUiQZo1Pb4%3d,Molly Brown,6,NHI NGUYEN
4,7.0,Paige Applegate,,"5'7""",2.0,10.0,2.0,5.0,/events/teams/?EventTeamId=tusBc0hMoVeDjnWoFPlOTGVV1j5IJfrcDoUiQZo1Pb4%3d,Molly Brown,6,PAIGE APPLEGATE
5,10.0,Chelsea Twohig,,"5'6""",2.0,3.0,2.0,2.0,/events/teams/?EventTeamId=tusBc0hMoVeDjnWoFPlOTGVV1j5IJfrcDoUiQZo1Pb4%3d,Molly Brown,6,CHELSEA TWOHIG
6,11.0,Megan Henderson,,,2.0,1.0,,1.0,/events/teams/?EventTeamId=tusBc0hMoVeDjnWoFPlOTGVV1j5IJfrcDoUiQZo1Pb4%3d,Molly Brown,6,MEGAN HENDERSON
7,12.0,Liz Narmour,,"5'5""",3.0,1.0,2.0,4.0,/events/teams/?EventTeamId=tusBc0hMoVeDjnWoFPlOTGVV1j5IJfrcDoUiQZo1Pb4%3d,Molly Brown,6,LIZ NARMOUR
8,13.0,Alika Johnston,,"5'4""",7.0,15.0,,6.0,/events/teams/?EventTeamId=tusBc0hMoVeDjnWoFPlOTGVV1j5IJfrcDoUiQZo1Pb4%3d,Molly Brown,6,ALIKA JOHNSTON
9,15.0,Sara Taggart,,,4.0,9.0,1.0,7.0,/events/teams/?EventTeamId=tusBc0hMoVeDjnWoFPlOTGVV1j5IJfrcDoUiQZo1Pb4%3d,Molly Brown,6,SARA TAGGART
10,17.0,Emma Capra,,"5'6""",5.0,1.0,1.0,2.0,/events/teams/?EventTeamId=tusBc0hMoVeDjnWoFPlOTGVV1j5IJfrcDoUiQZo1Pb4%3d,Molly Brown,6,EMMA CAPRA
11,22.0,Allysha Dixon,,"5'3""",1.0,,,,/events/teams/?EventTeamId=tusBc0hMoVeDjnWoFPlOTGVV1j5IJfrcDoUiQZo1Pb4%3d,Molly Brown,6,ALLYSHA DIXON
12,26.0,Lisa Pitcaithley,,"3'5""",4.0,8.0,2.0,5.0,/events/teams/?EventTeamId=tusBc0hMoVeDjnWoFPlOTGVV1j5IJfrcDoUiQZo1Pb4%3d,Molly Brown,6,LISA PITCAITHLEY
13,28.0,Stephanie Pritchard,,"5'8""",7.0,,,1.0,/events/teams/?EventTeamId=tusBc0hMoVeDjnWoFPlOTGVV1j5IJfrcDoUiQZo1Pb4%3d,Molly Brown,6,STEPHANIE PRITCHARD
14,33.0,Bert Abbott,Defense (Handler),"5'6""",1.0,2.0,1.0,4.0,/events/teams/?EventTeamId=tusBc0hMoVeDjnWoFPlOTGVV1j5IJfrcDoUiQZo1Pb4%3d,Molly Brown,6,BERT ABBOTT
15,40.0,Chip Chang,,"1'0""",1.0,3.0,,2.0,/events/teams/?EventTeamId=tusBc0hMoVeDjnWoFPlOTGVV1j5IJfrcDoUiQZo1Pb4%3d,Molly Brown,6,CHIP CHANG
16,44.0,Stacy Gaskill,,,1.0,,3.0,4.0,/events/teams/?EventTeamId=tusBc0hMoVeDjnWoFPlOTGVV1j5IJfrcDoUiQZo1Pb4%3d,Molly Brown,6,STACY GASKILL
17,52.0,Claire Chastain,,,5.0,13.0,3.0,13.0,/events/teams/?EventTeamId=tusBc0hMoVeDjnWoFPlOTGVV1j5IJfrcDoUiQZo1Pb4%3d,Molly Brown,6,CLAIRE CHASTAIN
18,55.0,Rachel Wilmoth,,,2.0,1.0,6.0,1.0,/events/teams/?EventTeamId=tusBc0hMoVeDjnWoFPlOTGVV1j5IJfrcDoUiQZo1Pb4%3d,Molly Brown,6,RACHEL WILMOTH
19,65.0,Megan Ives,Handler/Cutter,"5'6""",1.0,1.0,,,/events/teams/?EventTeamId=tusBc0hMoVeDjnWoFPlOTGVV1j5IJfrcDoUiQZo1Pb4%3d,Molly Brown,6,MEGAN IVES
20,88.0,Veronica Eder,Handler,"5'10""",3.0,1.0,,3.0,/events/teams/?EventTeamId=tusBc0hMoVeDjnWoFPlOTGVV1j5IJfrcDoUiQZo1Pb4%3d,Molly Brown,6,VERONICA EDER
0,3.0,Sophie Flammer,,,,3.0,,3.0,/events/teams/?EventTeamId=TR42CNASkQeREm7tPO%2f9m0Gw2%2fmjA8Ufhv38HErK7k0%3d, German National Team,9,SOPHIE FLAMMER
1,4.0,Caroline Tisson,Handler,"5'6""",3.0,12.0,2.0,8.0,/events/teams/?EventTeamId=TR42CNASkQeREm7tPO%2f9m0Gw2%2fmjA8Ufhv38HErK7k0%3d, German National Team,9,CAROLINE TISSON
2,5.0,Vera Forsch,,,7.0,8.0,1.0,8.0,/events/teams/?EventTeamId=TR42CNASkQeREm7tPO%2f9m0Gw2%2fmjA8Ufhv38HErK7k0%3d, German National Team,9,VERA FORSCH
3,7.0,Katharina Schulze,,,5.0,2.0,1.0,5.0,/events/teams/?EventTeamId=TR42CNASkQeREm7tPO%2f9m0Gw2%2fmjA8Ufhv38HErK7k0%3d, German National Team,9,KATHARINA SCHULZE
4,8.0,Sabine Mannherz,,,4.0,5.0,2.0,5.0,/events/teams/?EventTeamId=TR42CNASkQeREm7tPO%2f9m0Gw2%2fmjA8Ufhv38HErK7k0%3d, German National Team,9,SABINE MANNHERZ
5,11.0,Natalia Mashianova,,,1.0,9.0,,8.0,/events/teams/?EventTeamId=TR42CNASkQeREm7tPO%2f9m0Gw2%2fmjA8Ufhv38HErK7k0%3d, German National Team,9,NATALIA MASHIANOVA
6,12.0,Mareike Sach,,,3.0,2.0,4.0,2.0,/events/teams/?EventTeamId=TR42CNASkQeREm7tPO%2f9m0Gw2%2fmjA8Ufhv38HErK7k0%3d, German National Team,9,MAREIKE SACH
7,14.0,Simona Lieberth,,,7.0,3.0,,3.0,/events/teams/?EventTeamId=TR42CNASkQeREm7tPO%2f9m0Gw2%2fmjA8Ufhv38HErK7k0%3d, German National Team,9,SIMONA LIEBERTH
8,16.0,Verena Plehn,,,9.0,1.0,1.0,2.0,/events/teams/?EventTeamId=TR42CNASkQeREm7tPO%2f9m0Gw2%2fmjA8Ufhv38HErK7k0%3d, German National Team,9,VERENA PLEHN
9,20.0,Ellen Jakobsen,,"5'8""",,,,1.0,/events/teams/?EventTeamId=TR42CNASkQeREm7tPO%2f9m0Gw2%2fmjA8Ufhv38HErK7k0%3d, German National Team,9,ELLEN JAKOBSEN
10,21.0,Helen Grosse-Brauckman,,,,3.0,2.0,5.0,/events/teams/?EventTeamId=TR42CNASkQeREm7tPO%2f9m0Gw2%2fmjA8Ufhv38HErK7k0%3d, German National Team,9,HELEN GROSSE-BRAUCKMAN
11,23.0,Saskia Beeck,,"5'6""",2.0,1.0,,2.0,/events/teams/?EventTeamId=TR42CNASkQeREm7tPO%2f9m0Gw2%2fmjA8Ufhv38HErK7k0%3d, German National Team,9,SASKIA BEECK
12,25.0,Nora Poel,,,1.0,1.0,1.0,7.0,/events/teams/?EventTeamId=TR42CNASkQeREm7tPO%2f9m0Gw2%2fmjA8Ufhv38HErK7k0%3d, German National Team,9,NORA POEL
13,27.0,Wiebke Schmans,,,,2.0,,5.0,/events/teams/?EventTeamId=TR42CNASkQeREm7tPO%2f9m0Gw2%2fmjA8Ufhv38HErK7k0%3d, German National Team,9,WIEBKE SCHMANS
14,28.0,Frederike Wagener,,,2.0,,1.0,3.0,/events/teams/?EventTeamId=TR42CNASkQeREm7tPO%2f9m0Gw2%2fmjA8Ufhv38HErK7k0%3d, German National Team,9,FREDERIKE WAGENER
15,30.0,Mona Schäck,,,3.0,,,2.0,/events/teams/?EventTeamId=TR42CNASkQeREm7tPO%2f9m0Gw2%2fmjA8Ufhv38HErK7k0%3d, German National Team,9,MONA SCHÄCK
16,33.0,Svenja Pruns,,,4.0,3.0,3.0,3.0,/events/teams/?EventTeamId=TR42CNASkQeREm7tPO%2f9m0Gw2%2fmjA8Ufhv38HErK7k0%3d, German National Team,9,SVENJA PRUNS
17,42.0,Levke Walczak,,,5.0,7.0,1.0,11.0,/events/teams/?EventTeamId=TR42CNASkQeREm7tPO%2f9m0Gw2%2fmjA8Ufhv38HErK7k0%3d, German National Team,9,LEVKE WALCZAK
18,61.0,Katharina Aschenbrenner,,,,1.0,,1.0,/events/teams/?EventTeamId=TR42CNASkQeREm7tPO%2f9m0Gw2%2fmjA8Ufhv38HErK7k0%3d, German National Team,9,KATHARINA ASCHENBRENNER
19,87.0,Stephanie Sauer,,,1.0,1.0,,1.0,/events/teams/?EventTeamId=TR42CNASkQeREm7tPO%2f9m0Gw2%2fmjA8Ufhv38HErK7k0%3d, German National Team,9,STEPHANIE SAUER
20,89.0,Kyoko Hosokawa,,,10.0,3.0,1.0,9.0,/events/teams/?EventTeamId=TR42CNASkQeREm7tPO%2f9m0Gw2%2fmjA8Ufhv38HErK7k0%3d, German National Team,9,KYOKO HOSOKAWA
21,95.0,Inga Narjes,,,3.0,,4.0,1.0,/events/teams/?EventTeamId=TR42CNASkQeREm7tPO%2f9m0Gw2%2fmjA8Ufhv38HErK7k0%3d, German National Team,9,INGA NARJES
0,0.0,Alex Ode,,"5'8""",,1.0,2.0,1.0,/events/teams/?EventTeamId=zQNy1jVvkzLCunA%2bueHI%2fObVf6f%2fa1jphNsFJ8oqzto%3d,Brute Squad,4,ALEX ODE
1,2.0,Sophie Hulbert,,,1.0,,3.0,,/events/teams/?EventTeamId=zQNy1jVvkzLCunA%2bueHI%2fObVf6f%2fa1jphNsFJ8oqzto%3d,Brute Squad,4,SOPHIE HULBERT
2,3.0,Courtney Verhaalen,,,,,1.0,,/events/teams/?EventTeamId=zQNy1jVvkzLCunA%2bueHI%2fObVf6f%2fa1jphNsFJ8oqzto%3d,Brute Squad,4,COURTNEY VERHAALEN
3,4.0,Lien Hoffmann,,"5'6""",,,,,/events/teams/?EventTeamId=zQNy1jVvkzLCunA%2bueHI%2fObVf6f%2fa1jphNsFJ8oqzto%3d,Brute Squad,4,LIEN HOFFMANN
4,5.0,Julianna Werffeli,,,3.0,4.0,1.0,6.0,/events/teams/?EventTeamId=zQNy1jVvkzLCunA%2bueHI%2fObVf6f%2fa1jphNsFJ8oqzto%3d,Brute Squad,4,JULIANNA WERFFELI
5,6.0,Claudia Tajima,,"5'6""",5.0,6.0,2.0,5.0,/events/teams/?EventTeamId=zQNy1jVvkzLCunA%2bueHI%2fObVf6f%2fa1jphNsFJ8oqzto%3d,Brute Squad,4,CLAUDIA TAJIMA
6,7.0,Kami Groom,,,13.0,7.0,1.0,2.0,/events/teams/?EventTeamId=zQNy1jVvkzLCunA%2bueHI%2fObVf6f%2fa1jphNsFJ8oqzto%3d,Brute Squad,4,KAMI GROOM
7,10.0,Amber Sinicrope,,"1'0""",1.0,13.0,2.0,10.0,/events/teams/?EventTeamId=zQNy1jVvkzLCunA%2bueHI%2fObVf6f%2fa1jphNsFJ8oqzto%3d,Brute Squad,4,AMBER SINICROPE
8,11.0,Vicki Chen,,,,4.0,,,/events/teams/?EventTeamId=zQNy1jVvkzLCunA%2bueHI%2fObVf6f%2fa1jphNsFJ8oqzto%3d,Brute Squad,4,VICKI CHEN
9,12.0,Nicole Canning,,"1'0""",5.0,,1.0,3.0,/events/teams/?EventTeamId=zQNy1jVvkzLCunA%2bueHI%2fObVf6f%2fa1jphNsFJ8oqzto%3d,Brute Squad,4,NICOLE CANNING
10,13.0,Becky Malinowski,,,7.0,8.0,1.0,3.0,/events/teams/?EventTeamId=zQNy1jVvkzLCunA%2bueHI%2fObVf6f%2fa1jphNsFJ8oqzto%3d,Brute Squad,4,BECKY MALINOWSKI
11,14.0,Tulsa Douglas,Handler,"5'9""",1.0,4.0,1.0,4.0,/events/teams/?EventTeamId=zQNy1jVvkzLCunA%2bueHI%2fObVf6f%2fa1jphNsFJ8oqzto%3d,Brute Squad,4,TULSA DOUGLAS
12,16.0,Erin Rea,,,4.0,,3.0,2.0,/events/teams/?EventTeamId=zQNy1jVvkzLCunA%2bueHI%2fObVf6f%2fa1jphNsFJ8oqzto%3d,Brute Squad,4,ERIN REA
13,17.0,Angela Zhu,,"1'0""",1.0,10.0,3.0,2.0,/events/teams/?EventTeamId=zQNy1jVvkzLCunA%2bueHI%2fObVf6f%2fa1jphNsFJ8oqzto%3d,Brute Squad,4,ANGELA ZHU
14,22.0,Victoria Negus,,,,,,1.0,/events/teams/?EventTeamId=zQNy1jVvkzLCunA%2bueHI%2fObVf6f%2fa1jphNsFJ8oqzto%3d,Brute Squad,4,VICTORIA NEGUS
15,23.0,Lauren Sadler,Defense (Cutter),"5'2""",4.0,2.0,2.0,2.0,/events/teams/?EventTeamId=zQNy1jVvkzLCunA%2bueHI%2fObVf6f%2fa1jphNsFJ8oqzto%3d,Brute Squad,4,LAUREN SADLER
16,25.0,Lane Siedor,,"5'10""",1.0,2.0,,1.0,/events/teams/?EventTeamId=zQNy1jVvkzLCunA%2bueHI%2fObVf6f%2fa1jphNsFJ8oqzto%3d,Brute Squad,4,LANE SIEDOR
17,26.0,Elana Schwam,,"5'4""",11.0,5.0,1.0,2.0,/events/teams/?EventTeamId=zQNy1jVvkzLCunA%2bueHI%2fObVf6f%2fa1jphNsFJ8oqzto%3d,Brute Squad,4,ELANA SCHWAM
18,27.0,Jessie Grignon Tomas,Cutter,"5'7""",11.0,4.0,1.0,2.0,/events/teams/?EventTeamId=zQNy1jVvkzLCunA%2bueHI%2fObVf6f%2fa1jphNsFJ8oqzto%3d,Brute Squad,4,JESSIE GRIGNON TOMAS
19,29.0,Caitlyn Lee,Handler,,4.0,3.0,3.0,3.0,/events/teams/?EventTeamId=zQNy1jVvkzLCunA%2bueHI%2fObVf6f%2fa1jphNsFJ8oqzto%3d,Brute Squad,4,CAITLYN LEE
20,32.0,Megan Wilson,,"5'8""",,1.0,,1.0,/events/teams/?EventTeamId=zQNy1jVvkzLCunA%2bueHI%2fObVf6f%2fa1jphNsFJ8oqzto%3d,Brute Squad,4,MEGAN WILSON
21,33.0,Yuge Xiao,,,2.0,4.0,2.0,3.0,/events/teams/?EventTeamId=zQNy1jVvkzLCunA%2bueHI%2fObVf6f%2fa1jphNsFJ8oqzto%3d,Brute Squad,4,YUGE XIAO
22,37.0,Claire Trop,Cutter,"5'6""",8.0,8.0,3.0,5.0,/events/teams/?EventTeamId=zQNy1jVvkzLCunA%2bueHI%2fObVf6f%2fa1jphNsFJ8oqzto%3d,Brute Squad,4,CLAIRE TROP
23,38.0,Hannah Henkin,,,1.0,2.0,,1.0,/events/teams/?EventTeamId=zQNy1jVvkzLCunA%2bueHI%2fObVf6f%2fa1jphNsFJ8oqzto%3d,Brute Squad,4,HANNAH HENKIN
24,42.0,Rachel Kramer,Cutter,,1.0,,2.0,1.0,/events/teams/?EventTeamId=zQNy1jVvkzLCunA%2bueHI%2fObVf6f%2fa1jphNsFJ8oqzto%3d,Brute Squad,4,RACHEL KRAMER
25,71.0,Cassandra Wong,Defense (Cutter),"5'3""",7.0,3.0,1.0,2.0,/events/teams/?EventTeamId=zQNy1jVvkzLCunA%2bueHI%2fObVf6f%2fa1jphNsFJ8oqzto%3d,Brute Squad,4,CASSANDRA WONG
0,1.0,Katey Forth,,,6.0,4.0,1.0,4.0,/events/teams/?EventTeamId=BHspnD%2bKx%2fSld0r%2fZHMIJE7kNICSjn2zekbi0vXVlck%3d,Scandal,5,KATEY FORTH
1,2.0,Laurel Oldershaw,,"5'2""",3.0,1.0,2.0,1.0,/events/teams/?EventTeamId=BHspnD%2bKx%2fSld0r%2fZHMIJE7kNICSjn2zekbi0vXVlck%3d,Scandal,5,LAUREL OLDERSHAW
2,6.0,Lisa Kowalski,Handler,"5'7""",4.0,,3.0,,/events/teams/?EventTeamId=BHspnD%2bKx%2fSld0r%2fZHMIJE7kNICSjn2zekbi0vXVlck%3d,Scandal,5,LISA KOWALSKI
3,7.0,Danielle Byers,,,,,,1.0,/events/teams/?EventTeamId=BHspnD%2bKx%2fSld0r%2fZHMIJE7kNICSjn2zekbi0vXVlck%3d,Scandal,5,DANIELLE BYERS
4,11.0,Nada Tramonte,,,9.0,4.0,,2.0,/events/teams/?EventTeamId=BHspnD%2bKx%2fSld0r%2fZHMIJE7kNICSjn2zekbi0vXVlck%3d,Scandal,5,NADA TRAMONTE
5,12.0,Amy Zhou,,"5'2""",5.0,3.0,2.0,10.0,/events/teams/?EventTeamId=BHspnD%2bKx%2fSld0r%2fZHMIJE7kNICSjn2zekbi0vXVlck%3d,Scandal,5,AMY ZHOU
6,13.0,Kathleen Ratcliff,,,1.0,8.0,,5.0,/events/teams/?EventTeamId=BHspnD%2bKx%2fSld0r%2fZHMIJE7kNICSjn2zekbi0vXVlck%3d,Scandal,5,KATHLEEN RATCLIFF
7,17.0,Caroline Tornquist,,"5'3""",9.0,2.0,1.0,2.0,/events/teams/?EventTeamId=BHspnD%2bKx%2fSld0r%2fZHMIJE7kNICSjn2zekbi0vXVlck%3d,Scandal,5,CAROLINE TORNQUIST
8,18.0,Christine Valvo,,,1.0,1.0,,1.0,/events/teams/?EventTeamId=BHspnD%2bKx%2fSld0r%2fZHMIJE7kNICSjn2zekbi0vXVlck%3d,Scandal,5,CHRISTINE VALVO
9,19.0,Verena Woloson,,,1.0,1.0,2.0,1.0,/events/teams/?EventTeamId=BHspnD%2bKx%2fSld0r%2fZHMIJE7kNICSjn2zekbi0vXVlck%3d,Scandal,5,VERENA WOLOSON
10,20.0,Casey Gorman,,"5'7""",13.0,2.0,,1.0,/events/teams/?EventTeamId=BHspnD%2bKx%2fSld0r%2fZHMIJE7kNICSjn2zekbi0vXVlck%3d,Scandal,5,CASEY GORMAN
11,21.0,Jessica Sourbeer,,,,1.0,3.0,4.0,/events/teams/?EventTeamId=BHspnD%2bKx%2fSld0r%2fZHMIJE7kNICSjn2zekbi0vXVlck%3d,Scandal,5,JESSICA SOURBEER
12,22.0,Lauren Allen,,,6.0,,2.0,2.0,/events/teams/?EventTeamId=BHspnD%2bKx%2fSld0r%2fZHMIJE7kNICSjn2zekbi0vXVlck%3d,Scandal,5,LAUREN ALLEN
13,23.0,Sarah Lord,Handler,"5'5""",1.0,4.0,,6.0,/events/teams/?EventTeamId=BHspnD%2bKx%2fSld0r%2fZHMIJE7kNICSjn2zekbi0vXVlck%3d,Scandal,5,SARAH LORD
14,27.0,Akina Younge,,,,,1.0,,/events/teams/?EventTeamId=BHspnD%2bKx%2fSld0r%2fZHMIJE7kNICSjn2zekbi0vXVlck%3d,Scandal,5,AKINA YOUNGE
15,34.0,Ingrid Petterson,,"5'7""",2.0,1.0,3.0,1.0,/events/teams/?EventTeamId=BHspnD%2bKx%2fSld0r%2fZHMIJE7kNICSjn2zekbi0vXVlck%3d,Scandal,5,INGRID PETTERSON
16,36.0,Carolyn Normile,Handler,"5'3""",4.0,14.0,2.0,7.0,/events/teams/?EventTeamId=BHspnD%2bKx%2fSld0r%2fZHMIJE7kNICSjn2zekbi0vXVlck%3d,Scandal,5,CAROLYN NORMILE
17,44.0,Keila Strick,,,5.0,3.0,,5.0,/events/teams/?EventTeamId=BHspnD%2bKx%2fSld0r%2fZHMIJE7kNICSjn2zekbi0vXVlck%3d,Scandal,5,KEILA STRICK
18,49.0,Robyn Fennig,Handler,"5'6""",3.0,23.0,4.0,13.0,/events/teams/?EventTeamId=BHspnD%2bKx%2fSld0r%2fZHMIJE7kNICSjn2zekbi0vXVlck%3d,Scandal,5,ROBYN FENNIG
19,72.0,Lauren Boyle,,"5'5""",,3.0,2.0,2.0,/events/teams/?EventTeamId=BHspnD%2bKx%2fSld0r%2fZHMIJE7kNICSjn2zekbi0vXVlck%3d,Scandal,5,LAUREN BOYLE
20,82.0,Molly Moore,,,1.0,,,,/events/teams/?EventTeamId=BHspnD%2bKx%2fSld0r%2fZHMIJE7kNICSjn2zekbi0vXVlck%3d,Scandal,5,MOLLY MOORE
21,87.0,Austin Prucha,,,7.0,7.0,3.0,2.0,/events/teams/?EventTeamId=BHspnD%2bKx%2fSld0r%2fZHMIJE7kNICSjn2zekbi0vXVlck%3d,Scandal,5,AUSTIN PRUCHA
0,1.0,Maiko Hara,Handler,,3.0,20.0,3.0,6.0,/events/teams/?EventTeamId=Zjh%2b8s72DHnmQpU%2bXwkqTXe8tq3Bv%2fAc2tO9FUGb9SA%3d,HUCK,10,MAIKO HARA
1,3.0,Hiroko Yamashita,Handler,,1.0,,,1.0,/events/teams/?EventTeamId=Zjh%2b8s72DHnmQpU%2bXwkqTXe8tq3Bv%2fAc2tO9FUGb9SA%3d,HUCK,10,HIROKO YAMASHITA
2,5.0,Kana Noguchi,Deep,,10.0,14.0,3.0,6.0,/events/teams/?EventTeamId=Zjh%2b8s72DHnmQpU%2bXwkqTXe8tq3Bv%2fAc2tO9FUGb9SA%3d,HUCK,10,KANA NOGUCHI
3,6.0,Noriko Nakamura,,,3.0,3.0,2.0,8.0,/events/teams/?EventTeamId=Zjh%2b8s72DHnmQpU%2bXwkqTXe8tq3Bv%2fAc2tO9FUGb9SA%3d,HUCK,10,NORIKO NAKAMURA
4,7.0,Ayana Takamasu,,,4.0,,2.0,1.0,/events/teams/?EventTeamId=Zjh%2b8s72DHnmQpU%2bXwkqTXe8tq3Bv%2fAc2tO9FUGb9SA%3d,HUCK,10,AYANA TAKAMASU
5,8.0,Ayumi Fujioka,Handler,,,,,,/events/teams/?EventTeamId=Zjh%2b8s72DHnmQpU%2bXwkqTXe8tq3Bv%2fAc2tO9FUGb9SA%3d,HUCK,10,AYUMI FUJIOKA
6,9.0,Tsugumi Sakamoto,Handler,,4.0,5.0,1.0,5.0,/events/teams/?EventTeamId=Zjh%2b8s72DHnmQpU%2bXwkqTXe8tq3Bv%2fAc2tO9FUGb9SA%3d,HUCK,10,TSUGUMI SAKAMOTO
7,11.0,Shibata Azuki,,,,1.0,,1.0,/events/teams/?EventTeamId=Zjh%2b8s72DHnmQpU%2bXwkqTXe8tq3Bv%2fAc2tO9FUGb9SA%3d,HUCK,10,SHIBATA AZUKI
8,14.0,Akari Haruma,Handler,,2.0,5.0,,4.0,/events/teams/?EventTeamId=Zjh%2b8s72DHnmQpU%2bXwkqTXe8tq3Bv%2fAc2tO9FUGb9SA%3d,HUCK,10,AKARI HARUMA
9,15.0,Arisa Kawasaki,Handler,,1.0,2.0,1.0,1.0,/events/teams/?EventTeamId=Zjh%2b8s72DHnmQpU%2bXwkqTXe8tq3Bv%2fAc2tO9FUGb9SA%3d,HUCK,10,ARISA KAWASAKI
10,16.0,Yurika Shimabukuro,,,2.0,1.0,2.0,,/events/teams/?EventTeamId=Zjh%2b8s72DHnmQpU%2bXwkqTXe8tq3Bv%2fAc2tO9FUGb9SA%3d,HUCK,10,YURIKA SHIMABUKURO
11,18.0,Haruna Miyaoka,Handler,,2.0,1.0,3.0,1.0,/events/teams/?EventTeamId=Zjh%2b8s72DHnmQpU%2bXwkqTXe8tq3Bv%2fAc2tO9FUGb9SA%3d,HUCK,10,HARUNA MIYAOKA
12,26.0,Noe Kogure,Mid,,,1.0,,,/events/teams/?EventTeamId=Zjh%2b8s72DHnmQpU%2bXwkqTXe8tq3Bv%2fAc2tO9FUGb9SA%3d,HUCK,10,NOE KOGURE
13,27.0,Reona Oshima,Deep,,21.0,2.0,3.0,5.0,/events/teams/?EventTeamId=Zjh%2b8s72DHnmQpU%2bXwkqTXe8tq3Bv%2fAc2tO9FUGb9SA%3d,HUCK,10,REONA OSHIMA
14,31.0,Yuko Sato,Mid,,13.0,4.0,3.0,6.0,/events/teams/?EventTeamId=Zjh%2b8s72DHnmQpU%2bXwkqTXe8tq3Bv%2fAc2tO9FUGb9SA%3d,HUCK,10,YUKO SATO
15,51.0,Ayami Yamane,Mid,,3.0,,1.0,3.0,/events/teams/?EventTeamId=Zjh%2b8s72DHnmQpU%2bXwkqTXe8tq3Bv%2fAc2tO9FUGb9SA%3d,HUCK,10,AYAMI YAMANE
16,86.0,Kana Yanagisawa,Mid,,1.0,7.0,,1.0,/events/teams/?EventTeamId=Zjh%2b8s72DHnmQpU%2bXwkqTXe8tq3Bv%2fAc2tO9FUGb9SA%3d,HUCK,10,KANA YANAGISAWA
