,home_score,away_score,url,home_team,away_team,home_seed,away_seed,home_final_score,away_final_score
0,0,0,/teams/events/match_report/?EventGameId=YkY57R2k8aX5DiOgGpnNNbiNmU%2bMKcidH6ZvKh6xxy4%3d,Rival,Wicked,10,15,13,8
1,1,0,/teams/events/match_report/?EventGameId=YkY57R2k8aX5DiOgGpnNNbiNmU%2bMKcidH6ZvKh6xxy4%3d,Rival,Wicked,10,15,13,8
2,1,1,/teams/events/match_report/?EventGameId=YkY57R2k8aX5DiOgGpnNNbiNmU%2bMKcidH6ZvKh6xxy4%3d,Rival,Wicked,10,15,13,8
3,2,1,/teams/events/match_report/?EventGameId=YkY57R2k8aX5DiOgGpnNNbiNmU%2bMKcidH6ZvKh6xxy4%3d,Rival,Wicked,10,15,13,8
4,3,1,/teams/events/match_report/?EventGameId=YkY57R2k8aX5DiOgGpnNNbiNmU%2bMKcidH6ZvKh6xxy4%3d,Rival,Wicked,10,15,13,8
5,3,2,/teams/events/match_report/?EventGameId=YkY57R2k8aX5DiOgGpnNNbiNmU%2bMKcidH6ZvKh6xxy4%3d,Rival,Wicked,10,15,13,8
6,4,2,/teams/events/match_report/?EventGameId=YkY57R2k8aX5DiOgGpnNNbiNmU%2bMKcidH6ZvKh6xxy4%3d,Rival,Wicked,10,15,13,8
7,5,2,/teams/events/match_report/?EventGameId=YkY57R2k8aX5DiOgGpnNNbiNmU%2bMKcidH6ZvKh6xxy4%3d,Rival,Wicked,10,15,13,8
8,5,3,/teams/events/match_report/?EventGameId=YkY57R2k8aX5DiOgGpnNNbiNmU%2bMKcidH6ZvKh6xxy4%3d,Rival,Wicked,10,15,13,8
9,5,4,/teams/events/match_report/?EventGameId=YkY57R2k8aX5DiOgGpnNNbiNmU%2bMKcidH6ZvKh6xxy4%3d,Rival,Wicked,10,15,13,8
10,6,4,/teams/events/match_report/?EventGameId=YkY57R2k8aX5DiOgGpnNNbiNmU%2bMKcidH6ZvKh6xxy4%3d,Rival,Wicked,10,15,13,8
11,6,5,/teams/events/match_report/?EventGameId=YkY57R2k8aX5DiOgGpnNNbiNmU%2bMKcidH6ZvKh6xxy4%3d,Rival,Wicked,10,15,13,8
12,7,5,/teams/events/match_report/?EventGameId=YkY57R2k8aX5DiOgGpnNNbiNmU%2bMKcidH6ZvKh6xxy4%3d,Rival,Wicked,10,15,13,8
13,8,5,/teams/events/match_report/?EventGameId=YkY57R2k8aX5DiOgGpnNNbiNmU%2bMKcidH6ZvKh6xxy4%3d,Rival,Wicked,10,15,13,8
14,8,6,/teams/events/match_report/?EventGameId=YkY57R2k8aX5DiOgGpnNNbiNmU%2bMKcidH6ZvKh6xxy4%3d,Rival,Wicked,10,15,13,8
15,9,6,/teams/events/match_report/?EventGameId=YkY57R2k8aX5DiOgGpnNNbiNmU%2bMKcidH6ZvKh6xxy4%3d,Rival,Wicked,10,15,13,8
16,10,6,/teams/events/match_report/?EventGameId=YkY57R2k8aX5DiOgGpnNNbiNmU%2bMKcidH6ZvKh6xxy4%3d,Rival,Wicked,10,15,13,8
17,11,6,/teams/events/match_report/?EventGameId=YkY57R2k8aX5DiOgGpnNNbiNmU%2bMKcidH6ZvKh6xxy4%3d,Rival,Wicked,10,15,13,8
18,11,7,/teams/events/match_report/?EventGameId=YkY57R2k8aX5DiOgGpnNNbiNmU%2bMKcidH6ZvKh6xxy4%3d,Rival,Wicked,10,15,13,8
19,11,8,/teams/events/match_report/?EventGameId=YkY57R2k8aX5DiOgGpnNNbiNmU%2bMKcidH6ZvKh6xxy4%3d,Rival,Wicked,10,15,13,8
20,12,8,/teams/events/match_report/?EventGameId=YkY57R2k8aX5DiOgGpnNNbiNmU%2bMKcidH6ZvKh6xxy4%3d,Rival,Wicked,10,15,13,8
21,13,8,/teams/events/match_report/?EventGameId=YkY57R2k8aX5DiOgGpnNNbiNmU%2bMKcidH6ZvKh6xxy4%3d,Rival,Wicked,10,15,13,8
0,0,0,/teams/events/match_report/?EventGameId=iTBfPLOYmZvxj3TGNtFzwK0mZovY0%2bZpX1RjTzY8Vfs%3d,6ixers,Rival,3,10,13,8
1,0,1,/teams/events/match_report/?EventGameId=iTBfPLOYmZvxj3TGNtFzwK0mZovY0%2bZpX1RjTzY8Vfs%3d,6ixers,Rival,3,10,13,8
2,1,1,/teams/events/match_report/?EventGameId=iTBfPLOYmZvxj3TGNtFzwK0mZovY0%2bZpX1RjTzY8Vfs%3d,6ixers,Rival,3,10,13,8
3,1,2,/teams/events/match_report/?EventGameId=iTBfPLOYmZvxj3TGNtFzwK0mZovY0%2bZpX1RjTzY8Vfs%3d,6ixers,Rival,3,10,13,8
4,2,2,/teams/events/match_report/?EventGameId=iTBfPLOYmZvxj3TGNtFzwK0mZovY0%2bZpX1RjTzY8Vfs%3d,6ixers,Rival,3,10,13,8
5,3,2,/teams/events/match_report/?EventGameId=iTBfPLOYmZvxj3TGNtFzwK0mZovY0%2bZpX1RjTzY8Vfs%3d,6ixers,Rival,3,10,13,8
6,3,3,/teams/events/match_report/?EventGameId=iTBfPLOYmZvxj3TGNtFzwK0mZovY0%2bZpX1RjTzY8Vfs%3d,6ixers,Rival,3,10,13,8
7,4,3,/teams/events/match_report/?EventGameId=iTBfPLOYmZvxj3TGNtFzwK0mZovY0%2bZpX1RjTzY8Vfs%3d,6ixers,Rival,3,10,13,8
8,4,4,/teams/events/match_report/?EventGameId=iTBfPLOYmZvxj3TGNtFzwK0mZovY0%2bZpX1RjTzY8Vfs%3d,6ixers,Rival,3,10,13,8
9,5,4,/teams/events/match_report/?EventGameId=iTBfPLOYmZvxj3TGNtFzwK0mZovY0%2bZpX1RjTzY8Vfs%3d,6ixers,Rival,3,10,13,8
10,5,5,/teams/events/match_report/?EventGameId=iTBfPLOYmZvxj3TGNtFzwK0mZovY0%2bZpX1RjTzY8Vfs%3d,6ixers,Rival,3,10,13,8
11,6,5,/teams/events/match_report/?EventGameId=iTBfPLOYmZvxj3TGNtFzwK0mZovY0%2bZpX1RjTzY8Vfs%3d,6ixers,Rival,3,10,13,8
12,6,6,/teams/events/match_report/?EventGameId=iTBfPLOYmZvxj3TGNtFzwK0mZovY0%2bZpX1RjTzY8Vfs%3d,6ixers,Rival,3,10,13,8
13,7,6,/teams/events/match_report/?EventGameId=iTBfPLOYmZvxj3TGNtFzwK0mZovY0%2bZpX1RjTzY8Vfs%3d,6ixers,Rival,3,10,13,8
14,8,6,/teams/events/match_report/?EventGameId=iTBfPLOYmZvxj3TGNtFzwK0mZovY0%2bZpX1RjTzY8Vfs%3d,6ixers,Rival,3,10,13,8
15,9,6,/teams/events/match_report/?EventGameId=iTBfPLOYmZvxj3TGNtFzwK0mZovY0%2bZpX1RjTzY8Vfs%3d,6ixers,Rival,3,10,13,8
16,10,6,/teams/events/match_report/?EventGameId=iTBfPLOYmZvxj3TGNtFzwK0mZovY0%2bZpX1RjTzY8Vfs%3d,6ixers,Rival,3,10,13,8
17,11,6,/teams/events/match_report/?EventGameId=iTBfPLOYmZvxj3TGNtFzwK0mZovY0%2bZpX1RjTzY8Vfs%3d,6ixers,Rival,3,10,13,8
18,11,7,/teams/events/match_report/?EventGameId=iTBfPLOYmZvxj3TGNtFzwK0mZovY0%2bZpX1RjTzY8Vfs%3d,6ixers,Rival,3,10,13,8
19,12,7,/teams/events/match_report/?EventGameId=iTBfPLOYmZvxj3TGNtFzwK0mZovY0%2bZpX1RjTzY8Vfs%3d,6ixers,Rival,3,10,13,8
20,12,8,/teams/events/match_report/?EventGameId=iTBfPLOYmZvxj3TGNtFzwK0mZovY0%2bZpX1RjTzY8Vfs%3d,6ixers,Rival,3,10,13,8
21,13,8,/teams/events/match_report/?EventGameId=iTBfPLOYmZvxj3TGNtFzwK0mZovY0%2bZpX1RjTzY8Vfs%3d,6ixers,Rival,3,10,13,8
0,0,0,/teams/events/match_report/?EventGameId=StpcCUixM7%2b6qQdUWXUkkAz8e9IWm7lTQUx3GMO42lU%3d,Nightlock,Pop,4,9,13,9
1,1,0,/teams/events/match_report/?EventGameId=StpcCUixM7%2b6qQdUWXUkkAz8e9IWm7lTQUx3GMO42lU%3d,Nightlock,Pop,4,9,13,9
2,1,1,/teams/events/match_report/?EventGameId=StpcCUixM7%2b6qQdUWXUkkAz8e9IWm7lTQUx3GMO42lU%3d,Nightlock,Pop,4,9,13,9
3,2,1,/teams/events/match_report/?EventGameId=StpcCUixM7%2b6qQdUWXUkkAz8e9IWm7lTQUx3GMO42lU%3d,Nightlock,Pop,4,9,13,9
4,3,1,/teams/events/match_report/?EventGameId=StpcCUixM7%2b6qQdUWXUkkAz8e9IWm7lTQUx3GMO42lU%3d,Nightlock,Pop,4,9,13,9
5,3,2,/teams/events/match_report/?EventGameId=StpcCUixM7%2b6qQdUWXUkkAz8e9IWm7lTQUx3GMO42lU%3d,Nightlock,Pop,4,9,13,9
6,4,2,/teams/events/match_report/?EventGameId=StpcCUixM7%2b6qQdUWXUkkAz8e9IWm7lTQUx3GMO42lU%3d,Nightlock,Pop,4,9,13,9
7,4,3,/teams/events/match_report/?EventGameId=StpcCUixM7%2b6qQdUWXUkkAz8e9IWm7lTQUx3GMO42lU%3d,Nightlock,Pop,4,9,13,9
8,5,3,/teams/events/match_report/?EventGameId=StpcCUixM7%2b6qQdUWXUkkAz8e9IWm7lTQUx3GMO42lU%3d,Nightlock,Pop,4,9,13,9
9,5,4,/teams/events/match_report/?EventGameId=StpcCUixM7%2b6qQdUWXUkkAz8e9IWm7lTQUx3GMO42lU%3d,Nightlock,Pop,4,9,13,9
10,6,4,/teams/events/match_report/?EventGameId=StpcCUixM7%2b6qQdUWXUkkAz8e9IWm7lTQUx3GMO42lU%3d,Nightlock,Pop,4,9,13,9
11,7,4,/teams/events/match_report/?EventGameId=StpcCUixM7%2b6qQdUWXUkkAz8e9IWm7lTQUx3GMO42lU%3d,Nightlock,Pop,4,9,13,9
12,8,4,/teams/events/match_report/?EventGameId=StpcCUixM7%2b6qQdUWXUkkAz8e9IWm7lTQUx3GMO42lU%3d,Nightlock,Pop,4,9,13,9
13,8,5,/teams/events/match_report/?EventGameId=StpcCUixM7%2b6qQdUWXUkkAz8e9IWm7lTQUx3GMO42lU%3d,Nightlock,Pop,4,9,13,9
14,9,5,/teams/events/match_report/?EventGameId=StpcCUixM7%2b6qQdUWXUkkAz8e9IWm7lTQUx3GMO42lU%3d,Nightlock,Pop,4,9,13,9
15,9,6,/teams/events/match_report/?EventGameId=StpcCUixM7%2b6qQdUWXUkkAz8e9IWm7lTQUx3GMO42lU%3d,Nightlock,Pop,4,9,13,9
16,9,7,/teams/events/match_report/?EventGameId=StpcCUixM7%2b6qQdUWXUkkAz8e9IWm7lTQUx3GMO42lU%3d,Nightlock,Pop,4,9,13,9
17,10,7,/teams/events/match_report/?EventGameId=StpcCUixM7%2b6qQdUWXUkkAz8e9IWm7lTQUx3GMO42lU%3d,Nightlock,Pop,4,9,13,9
18,11,7,/teams/events/match_report/?EventGameId=StpcCUixM7%2b6qQdUWXUkkAz8e9IWm7lTQUx3GMO42lU%3d,Nightlock,Pop,4,9,13,9
19,11,8,/teams/events/match_report/?EventGameId=StpcCUixM7%2b6qQdUWXUkkAz8e9IWm7lTQUx3GMO42lU%3d,Nightlock,Pop,4,9,13,9
20,12,8,/teams/events/match_report/?EventGameId=StpcCUixM7%2b6qQdUWXUkkAz8e9IWm7lTQUx3GMO42lU%3d,Nightlock,Pop,4,9,13,9
21,12,9,/teams/events/match_report/?EventGameId=StpcCUixM7%2b6qQdUWXUkkAz8e9IWm7lTQUx3GMO42lU%3d,Nightlock,Pop,4,9,13,9
22,13,9,/teams/events/match_report/?EventGameId=StpcCUixM7%2b6qQdUWXUkkAz8e9IWm7lTQUx3GMO42lU%3d,Nightlock,Pop,4,9,13,9
0,0,0,/teams/events/match_report/?EventGameId=r1KaXjGKV4OjgNxIxkoZYY3YzTIL%2f9eSgjs8G%2fSrWMQ%3d,Ozone,Rival,6,10,10,13
1,0,1,/teams/events/match_report/?EventGameId=r1KaXjGKV4OjgNxIxkoZYY3YzTIL%2f9eSgjs8G%2fSrWMQ%3d,Ozone,Rival,6,10,10,13
2,0,2,/teams/events/match_report/?EventGameId=r1KaXjGKV4OjgNxIxkoZYY3YzTIL%2f9eSgjs8G%2fSrWMQ%3d,Ozone,Rival,6,10,10,13
3,1,2,/teams/events/match_report/?EventGameId=r1KaXjGKV4OjgNxIxkoZYY3YzTIL%2f9eSgjs8G%2fSrWMQ%3d,Ozone,Rival,6,10,10,13
4,1,3,/teams/events/match_report/?EventGameId=r1KaXjGKV4OjgNxIxkoZYY3YzTIL%2f9eSgjs8G%2fSrWMQ%3d,Ozone,Rival,6,10,10,13
5,2,3,/teams/events/match_report/?EventGameId=r1KaXjGKV4OjgNxIxkoZYY3YzTIL%2f9eSgjs8G%2fSrWMQ%3d,Ozone,Rival,6,10,10,13
6,2,4,/teams/events/match_report/?EventGameId=r1KaXjGKV4OjgNxIxkoZYY3YzTIL%2f9eSgjs8G%2fSrWMQ%3d,Ozone,Rival,6,10,10,13
7,3,4,/teams/events/match_report/?EventGameId=r1KaXjGKV4OjgNxIxkoZYY3YzTIL%2f9eSgjs8G%2fSrWMQ%3d,Ozone,Rival,6,10,10,13
8,4,4,/teams/events/match_report/?EventGameId=r1KaXjGKV4OjgNxIxkoZYY3YzTIL%2f9eSgjs8G%2fSrWMQ%3d,Ozone,Rival,6,10,10,13
9,4,5,/teams/events/match_report/?EventGameId=r1KaXjGKV4OjgNxIxkoZYY3YzTIL%2f9eSgjs8G%2fSrWMQ%3d,Ozone,Rival,6,10,10,13
10,5,5,/teams/events/match_report/?EventGameId=r1KaXjGKV4OjgNxIxkoZYY3YzTIL%2f9eSgjs8G%2fSrWMQ%3d,Ozone,Rival,6,10,10,13
11,6,5,/teams/events/match_report/?EventGameId=r1KaXjGKV4OjgNxIxkoZYY3YzTIL%2f9eSgjs8G%2fSrWMQ%3d,Ozone,Rival,6,10,10,13
12,6,6,/teams/events/match_report/?EventGameId=r1KaXjGKV4OjgNxIxkoZYY3YzTIL%2f9eSgjs8G%2fSrWMQ%3d,Ozone,Rival,6,10,10,13
13,7,6,/teams/events/match_report/?EventGameId=r1KaXjGKV4OjgNxIxkoZYY3YzTIL%2f9eSgjs8G%2fSrWMQ%3d,Ozone,Rival,6,10,10,13
14,8,6,/teams/events/match_report/?EventGameId=r1KaXjGKV4OjgNxIxkoZYY3YzTIL%2f9eSgjs8G%2fSrWMQ%3d,Ozone,Rival,6,10,10,13
15,8,7,/teams/events/match_report/?EventGameId=r1KaXjGKV4OjgNxIxkoZYY3YzTIL%2f9eSgjs8G%2fSrWMQ%3d,Ozone,Rival,6,10,10,13
16,8,8,/teams/events/match_report/?EventGameId=r1KaXjGKV4OjgNxIxkoZYY3YzTIL%2f9eSgjs8G%2fSrWMQ%3d,Ozone,Rival,6,10,10,13
17,9,8,/teams/events/match_report/?EventGameId=r1KaXjGKV4OjgNxIxkoZYY3YzTIL%2f9eSgjs8G%2fSrWMQ%3d,Ozone,Rival,6,10,10,13
18,9,9,/teams/events/match_report/?EventGameId=r1KaXjGKV4OjgNxIxkoZYY3YzTIL%2f9eSgjs8G%2fSrWMQ%3d,Ozone,Rival,6,10,10,13
19,9,10,/teams/events/match_report/?EventGameId=r1KaXjGKV4OjgNxIxkoZYY3YzTIL%2f9eSgjs8G%2fSrWMQ%3d,Ozone,Rival,6,10,10,13
20,10,10,/teams/events/match_report/?EventGameId=r1KaXjGKV4OjgNxIxkoZYY3YzTIL%2f9eSgjs8G%2fSrWMQ%3d,Ozone,Rival,6,10,10,13
21,10,11,/teams/events/match_report/?EventGameId=r1KaXjGKV4OjgNxIxkoZYY3YzTIL%2f9eSgjs8G%2fSrWMQ%3d,Ozone,Rival,6,10,10,13
22,10,12,/teams/events/match_report/?EventGameId=r1KaXjGKV4OjgNxIxkoZYY3YzTIL%2f9eSgjs8G%2fSrWMQ%3d,Ozone,Rival,6,10,10,13
23,10,13,/teams/events/match_report/?EventGameId=r1KaXjGKV4OjgNxIxkoZYY3YzTIL%2f9eSgjs8G%2fSrWMQ%3d,Ozone,Rival,6,10,10,13
0,0,0,/teams/events/match_report/?EventGameId=iA5zqByCtVP7MZyT7LQxRVe9KEvO1cKJ3tQGPemwajQ%3d,Schwa,Colorado Small Batch,5,16,13,8
1,1,0,/teams/events/match_report/?EventGameId=iA5zqByCtVP7MZyT7LQxRVe9KEvO1cKJ3tQGPemwajQ%3d,Schwa,Colorado Small Batch,5,16,13,8
2,1,1,/teams/events/match_report/?EventGameId=iA5zqByCtVP7MZyT7LQxRVe9KEvO1cKJ3tQGPemwajQ%3d,Schwa,Colorado Small Batch,5,16,13,8
3,2,1,/teams/events/match_report/?EventGameId=iA5zqByCtVP7MZyT7LQxRVe9KEvO1cKJ3tQGPemwajQ%3d,Schwa,Colorado Small Batch,5,16,13,8
4,3,1,/teams/events/match_report/?EventGameId=iA5zqByCtVP7MZyT7LQxRVe9KEvO1cKJ3tQGPemwajQ%3d,Schwa,Colorado Small Batch,5,16,13,8
5,4,1,/teams/events/match_report/?EventGameId=iA5zqByCtVP7MZyT7LQxRVe9KEvO1cKJ3tQGPemwajQ%3d,Schwa,Colorado Small Batch,5,16,13,8
6,5,1,/teams/events/match_report/?EventGameId=iA5zqByCtVP7MZyT7LQxRVe9KEvO1cKJ3tQGPemwajQ%3d,Schwa,Colorado Small Batch,5,16,13,8
7,5,2,/teams/events/match_report/?EventGameId=iA5zqByCtVP7MZyT7LQxRVe9KEvO1cKJ3tQGPemwajQ%3d,Schwa,Colorado Small Batch,5,16,13,8
8,5,3,/teams/events/match_report/?EventGameId=iA5zqByCtVP7MZyT7LQxRVe9KEvO1cKJ3tQGPemwajQ%3d,Schwa,Colorado Small Batch,5,16,13,8
9,6,3,/teams/events/match_report/?EventGameId=iA5zqByCtVP7MZyT7LQxRVe9KEvO1cKJ3tQGPemwajQ%3d,Schwa,Colorado Small Batch,5,16,13,8
10,6,4,/teams/events/match_report/?EventGameId=iA5zqByCtVP7MZyT7LQxRVe9KEvO1cKJ3tQGPemwajQ%3d,Schwa,Colorado Small Batch,5,16,13,8
11,7,4,/teams/events/match_report/?EventGameId=iA5zqByCtVP7MZyT7LQxRVe9KEvO1cKJ3tQGPemwajQ%3d,Schwa,Colorado Small Batch,5,16,13,8
12,8,4,/teams/events/match_report/?EventGameId=iA5zqByCtVP7MZyT7LQxRVe9KEvO1cKJ3tQGPemwajQ%3d,Schwa,Colorado Small Batch,5,16,13,8
13,9,4,/teams/events/match_report/?EventGameId=iA5zqByCtVP7MZyT7LQxRVe9KEvO1cKJ3tQGPemwajQ%3d,Schwa,Colorado Small Batch,5,16,13,8
14,9,5,/teams/events/match_report/?EventGameId=iA5zqByCtVP7MZyT7LQxRVe9KEvO1cKJ3tQGPemwajQ%3d,Schwa,Colorado Small Batch,5,16,13,8
15,10,5,/teams/events/match_report/?EventGameId=iA5zqByCtVP7MZyT7LQxRVe9KEvO1cKJ3tQGPemwajQ%3d,Schwa,Colorado Small Batch,5,16,13,8
16,10,6,/teams/events/match_report/?EventGameId=iA5zqByCtVP7MZyT7LQxRVe9KEvO1cKJ3tQGPemwajQ%3d,Schwa,Colorado Small Batch,5,16,13,8
17,11,6,/teams/events/match_report/?EventGameId=iA5zqByCtVP7MZyT7LQxRVe9KEvO1cKJ3tQGPemwajQ%3d,Schwa,Colorado Small Batch,5,16,13,8
18,11,7,/teams/events/match_report/?EventGameId=iA5zqByCtVP7MZyT7LQxRVe9KEvO1cKJ3tQGPemwajQ%3d,Schwa,Colorado Small Batch,5,16,13,8
19,12,7,/teams/events/match_report/?EventGameId=iA5zqByCtVP7MZyT7LQxRVe9KEvO1cKJ3tQGPemwajQ%3d,Schwa,Colorado Small Batch,5,16,13,8
20,12,8,/teams/events/match_report/?EventGameId=iA5zqByCtVP7MZyT7LQxRVe9KEvO1cKJ3tQGPemwajQ%3d,Schwa,Colorado Small Batch,5,16,13,8
21,13,8,/teams/events/match_report/?EventGameId=iA5zqByCtVP7MZyT7LQxRVe9KEvO1cKJ3tQGPemwajQ%3d,Schwa,Colorado Small Batch,5,16,13,8
0,0,0,/teams/events/match_report/?EventGameId=AA0QJSAVjcfY%2bG45Gn8unsuCrQ0rRP3qxDzrM740ziQ%3d,Rival,Grit,10,14,13,6
0,0,0,/teams/events/match_report/?EventGameId=M6JgDeDpqO3anVnZFQ34OQFkUq894CzwBlbbUgfGlHM%3d,Ozone,Nightlock,6,4,11,12
1,0,1,/teams/events/match_report/?EventGameId=M6JgDeDpqO3anVnZFQ34OQFkUq894CzwBlbbUgfGlHM%3d,Ozone,Nightlock,6,4,11,12
2,1,1,/teams/events/match_report/?EventGameId=M6JgDeDpqO3anVnZFQ34OQFkUq894CzwBlbbUgfGlHM%3d,Ozone,Nightlock,6,4,11,12
3,1,2,/teams/events/match_report/?EventGameId=M6JgDeDpqO3anVnZFQ34OQFkUq894CzwBlbbUgfGlHM%3d,Ozone,Nightlock,6,4,11,12
4,2,2,/teams/events/match_report/?EventGameId=M6JgDeDpqO3anVnZFQ34OQFkUq894CzwBlbbUgfGlHM%3d,Ozone,Nightlock,6,4,11,12
5,2,3,/teams/events/match_report/?EventGameId=M6JgDeDpqO3anVnZFQ34OQFkUq894CzwBlbbUgfGlHM%3d,Ozone,Nightlock,6,4,11,12
6,2,4,/teams/events/match_report/?EventGameId=M6JgDeDpqO3anVnZFQ34OQFkUq894CzwBlbbUgfGlHM%3d,Ozone,Nightlock,6,4,11,12
7,3,4,/teams/events/match_report/?EventGameId=M6JgDeDpqO3anVnZFQ34OQFkUq894CzwBlbbUgfGlHM%3d,Ozone,Nightlock,6,4,11,12
8,4,4,/teams/events/match_report/?EventGameId=M6JgDeDpqO3anVnZFQ34OQFkUq894CzwBlbbUgfGlHM%3d,Ozone,Nightlock,6,4,11,12
9,4,5,/teams/events/match_report/?EventGameId=M6JgDeDpqO3anVnZFQ34OQFkUq894CzwBlbbUgfGlHM%3d,Ozone,Nightlock,6,4,11,12
10,5,5,/teams/events/match_report/?EventGameId=M6JgDeDpqO3anVnZFQ34OQFkUq894CzwBlbbUgfGlHM%3d,Ozone,Nightlock,6,4,11,12
11,5,6,/teams/events/match_report/?EventGameId=M6JgDeDpqO3anVnZFQ34OQFkUq894CzwBlbbUgfGlHM%3d,Ozone,Nightlock,6,4,11,12
12,6,6,/teams/events/match_report/?EventGameId=M6JgDeDpqO3anVnZFQ34OQFkUq894CzwBlbbUgfGlHM%3d,Ozone,Nightlock,6,4,11,12
13,6,7,/teams/events/match_report/?EventGameId=M6JgDeDpqO3anVnZFQ34OQFkUq894CzwBlbbUgfGlHM%3d,Ozone,Nightlock,6,4,11,12
14,7,7,/teams/events/match_report/?EventGameId=M6JgDeDpqO3anVnZFQ34OQFkUq894CzwBlbbUgfGlHM%3d,Ozone,Nightlock,6,4,11,12
15,8,7,/teams/events/match_report/?EventGameId=M6JgDeDpqO3anVnZFQ34OQFkUq894CzwBlbbUgfGlHM%3d,Ozone,Nightlock,6,4,11,12
16,8,8,/teams/events/match_report/?EventGameId=M6JgDeDpqO3anVnZFQ34OQFkUq894CzwBlbbUgfGlHM%3d,Ozone,Nightlock,6,4,11,12
17,9,8,/teams/events/match_report/?EventGameId=M6JgDeDpqO3anVnZFQ34OQFkUq894CzwBlbbUgfGlHM%3d,Ozone,Nightlock,6,4,11,12
18,9,9,/teams/events/match_report/?EventGameId=M6JgDeDpqO3anVnZFQ34OQFkUq894CzwBlbbUgfGlHM%3d,Ozone,Nightlock,6,4,11,12
19,10,9,/teams/events/match_report/?EventGameId=M6JgDeDpqO3anVnZFQ34OQFkUq894CzwBlbbUgfGlHM%3d,Ozone,Nightlock,6,4,11,12
20,10,10,/teams/events/match_report/?EventGameId=M6JgDeDpqO3anVnZFQ34OQFkUq894CzwBlbbUgfGlHM%3d,Ozone,Nightlock,6,4,11,12
21,10,11,/teams/events/match_report/?EventGameId=M6JgDeDpqO3anVnZFQ34OQFkUq894CzwBlbbUgfGlHM%3d,Ozone,Nightlock,6,4,11,12
22,11,11,/teams/events/match_report/?EventGameId=M6JgDeDpqO3anVnZFQ34OQFkUq894CzwBlbbUgfGlHM%3d,Ozone,Nightlock,6,4,11,12
23,12,11,/teams/events/match_report/?EventGameId=M6JgDeDpqO3anVnZFQ34OQFkUq894CzwBlbbUgfGlHM%3d,Ozone,Nightlock,6,4,11,12
0,0,0,/teams/events/match_report/?EventGameId=L%2fd8gILzc9XhclfYglE5UIM%2b4uxGcSmjLe9QmkfqH1w%3d,Wildfire,Ozone,7,6,12,13
0,0,0,/teams/events/match_report/?EventGameId=XZXk662cRl%2brGvj7KtSZOBdjRGey8TLuExZHK4cOjkA%3d,Phoenix,Nemesis,11,8,13,6
0,0,0,/teams/events/match_report/?EventGameId=UUvIehBe8sYigwNeDa6l%2fchS%2bxYSlkhAfXkAJxHJ6nw%3d,Ozone,Wicked,6,15,13,5
1,0,1,/teams/events/match_report/?EventGameId=UUvIehBe8sYigwNeDa6l%2fchS%2bxYSlkhAfXkAJxHJ6nw%3d,Ozone,Wicked,6,15,13,5
2,1,1,/teams/events/match_report/?EventGameId=UUvIehBe8sYigwNeDa6l%2fchS%2bxYSlkhAfXkAJxHJ6nw%3d,Ozone,Wicked,6,15,13,5
3,2,1,/teams/events/match_report/?EventGameId=UUvIehBe8sYigwNeDa6l%2fchS%2bxYSlkhAfXkAJxHJ6nw%3d,Ozone,Wicked,6,15,13,5
4,3,1,/teams/events/match_report/?EventGameId=UUvIehBe8sYigwNeDa6l%2fchS%2bxYSlkhAfXkAJxHJ6nw%3d,Ozone,Wicked,6,15,13,5
5,3,2,/teams/events/match_report/?EventGameId=UUvIehBe8sYigwNeDa6l%2fchS%2bxYSlkhAfXkAJxHJ6nw%3d,Ozone,Wicked,6,15,13,5
6,4,2,/teams/events/match_report/?EventGameId=UUvIehBe8sYigwNeDa6l%2fchS%2bxYSlkhAfXkAJxHJ6nw%3d,Ozone,Wicked,6,15,13,5
7,5,2,/teams/events/match_report/?EventGameId=UUvIehBe8sYigwNeDa6l%2fchS%2bxYSlkhAfXkAJxHJ6nw%3d,Ozone,Wicked,6,15,13,5
8,6,2,/teams/events/match_report/?EventGameId=UUvIehBe8sYigwNeDa6l%2fchS%2bxYSlkhAfXkAJxHJ6nw%3d,Ozone,Wicked,6,15,13,5
9,7,2,/teams/events/match_report/?EventGameId=UUvIehBe8sYigwNeDa6l%2fchS%2bxYSlkhAfXkAJxHJ6nw%3d,Ozone,Wicked,6,15,13,5
10,7,3,/teams/events/match_report/?EventGameId=UUvIehBe8sYigwNeDa6l%2fchS%2bxYSlkhAfXkAJxHJ6nw%3d,Ozone,Wicked,6,15,13,5
11,8,3,/teams/events/match_report/?EventGameId=UUvIehBe8sYigwNeDa6l%2fchS%2bxYSlkhAfXkAJxHJ6nw%3d,Ozone,Wicked,6,15,13,5
12,9,3,/teams/events/match_report/?EventGameId=UUvIehBe8sYigwNeDa6l%2fchS%2bxYSlkhAfXkAJxHJ6nw%3d,Ozone,Wicked,6,15,13,5
13,9,4,/teams/events/match_report/?EventGameId=UUvIehBe8sYigwNeDa6l%2fchS%2bxYSlkhAfXkAJxHJ6nw%3d,Ozone,Wicked,6,15,13,5
14,9,5,/teams/events/match_report/?EventGameId=UUvIehBe8sYigwNeDa6l%2fchS%2bxYSlkhAfXkAJxHJ6nw%3d,Ozone,Wicked,6,15,13,5
15,10,5,/teams/events/match_report/?EventGameId=UUvIehBe8sYigwNeDa6l%2fchS%2bxYSlkhAfXkAJxHJ6nw%3d,Ozone,Wicked,6,15,13,5
16,11,5,/teams/events/match_report/?EventGameId=UUvIehBe8sYigwNeDa6l%2fchS%2bxYSlkhAfXkAJxHJ6nw%3d,Ozone,Wicked,6,15,13,5
17,12,5,/teams/events/match_report/?EventGameId=UUvIehBe8sYigwNeDa6l%2fchS%2bxYSlkhAfXkAJxHJ6nw%3d,Ozone,Wicked,6,15,13,5
18,13,5,/teams/events/match_report/?EventGameId=UUvIehBe8sYigwNeDa6l%2fchS%2bxYSlkhAfXkAJxHJ6nw%3d,Ozone,Wicked,6,15,13,5
0,0,0,/teams/events/match_report/?EventGameId=Z4JAvk89AAvCrBqwNE11awukMJVq37gbSzKNT1LH8mE%3d,Nightlock,Schwa,4,5,9,10
1,0,1,/teams/events/match_report/?EventGameId=Z4JAvk89AAvCrBqwNE11awukMJVq37gbSzKNT1LH8mE%3d,Nightlock,Schwa,4,5,9,10
2,0,2,/teams/events/match_report/?EventGameId=Z4JAvk89AAvCrBqwNE11awukMJVq37gbSzKNT1LH8mE%3d,Nightlock,Schwa,4,5,9,10
3,1,2,/teams/events/match_report/?EventGameId=Z4JAvk89AAvCrBqwNE11awukMJVq37gbSzKNT1LH8mE%3d,Nightlock,Schwa,4,5,9,10
4,1,3,/teams/events/match_report/?EventGameId=Z4JAvk89AAvCrBqwNE11awukMJVq37gbSzKNT1LH8mE%3d,Nightlock,Schwa,4,5,9,10
5,2,3,/teams/events/match_report/?EventGameId=Z4JAvk89AAvCrBqwNE11awukMJVq37gbSzKNT1LH8mE%3d,Nightlock,Schwa,4,5,9,10
6,2,4,/teams/events/match_report/?EventGameId=Z4JAvk89AAvCrBqwNE11awukMJVq37gbSzKNT1LH8mE%3d,Nightlock,Schwa,4,5,9,10
7,2,5,/teams/events/match_report/?EventGameId=Z4JAvk89AAvCrBqwNE11awukMJVq37gbSzKNT1LH8mE%3d,Nightlock,Schwa,4,5,9,10
8,3,5,/teams/events/match_report/?EventGameId=Z4JAvk89AAvCrBqwNE11awukMJVq37gbSzKNT1LH8mE%3d,Nightlock,Schwa,4,5,9,10
9,3,6,/teams/events/match_report/?EventGameId=Z4JAvk89AAvCrBqwNE11awukMJVq37gbSzKNT1LH8mE%3d,Nightlock,Schwa,4,5,9,10
10,3,7,/teams/events/match_report/?EventGameId=Z4JAvk89AAvCrBqwNE11awukMJVq37gbSzKNT1LH8mE%3d,Nightlock,Schwa,4,5,9,10
11,4,7,/teams/events/match_report/?EventGameId=Z4JAvk89AAvCrBqwNE11awukMJVq37gbSzKNT1LH8mE%3d,Nightlock,Schwa,4,5,9,10
12,4,8,/teams/events/match_report/?EventGameId=Z4JAvk89AAvCrBqwNE11awukMJVq37gbSzKNT1LH8mE%3d,Nightlock,Schwa,4,5,9,10
13,5,8,/teams/events/match_report/?EventGameId=Z4JAvk89AAvCrBqwNE11awukMJVq37gbSzKNT1LH8mE%3d,Nightlock,Schwa,4,5,9,10
14,6,8,/teams/events/match_report/?EventGameId=Z4JAvk89AAvCrBqwNE11awukMJVq37gbSzKNT1LH8mE%3d,Nightlock,Schwa,4,5,9,10
15,6,9,/teams/events/match_report/?EventGameId=Z4JAvk89AAvCrBqwNE11awukMJVq37gbSzKNT1LH8mE%3d,Nightlock,Schwa,4,5,9,10
16,7,9,/teams/events/match_report/?EventGameId=Z4JAvk89AAvCrBqwNE11awukMJVq37gbSzKNT1LH8mE%3d,Nightlock,Schwa,4,5,9,10
17,7,10,/teams/events/match_report/?EventGameId=Z4JAvk89AAvCrBqwNE11awukMJVq37gbSzKNT1LH8mE%3d,Nightlock,Schwa,4,5,9,10
18,8,10,/teams/events/match_report/?EventGameId=Z4JAvk89AAvCrBqwNE11awukMJVq37gbSzKNT1LH8mE%3d,Nightlock,Schwa,4,5,9,10
19,9,10,/teams/events/match_report/?EventGameId=Z4JAvk89AAvCrBqwNE11awukMJVq37gbSzKNT1LH8mE%3d,Nightlock,Schwa,4,5,9,10
0,0,0,/teams/events/match_report/?EventGameId=UsefaF5237y%2f8QY1tSohKCyac3jReIk2MrwVwyf%2fBNw%3d,Molly Brown,Scandal,1,2,11,12
0,0,0,/teams/events/match_report/?EventGameId=ozDIj0rKTu128NALvMj%2faCM8VFqamPj0oW4KfqkUsvU%3d,Scandal,Wildfire,2,7,13,9
1,1,0,/teams/events/match_report/?EventGameId=ozDIj0rKTu128NALvMj%2faCM8VFqamPj0oW4KfqkUsvU%3d,Scandal,Wildfire,2,7,13,9
2,1,1,/teams/events/match_report/?EventGameId=ozDIj0rKTu128NALvMj%2faCM8VFqamPj0oW4KfqkUsvU%3d,Scandal,Wildfire,2,7,13,9
3,2,1,/teams/events/match_report/?EventGameId=ozDIj0rKTu128NALvMj%2faCM8VFqamPj0oW4KfqkUsvU%3d,Scandal,Wildfire,2,7,13,9
4,3,1,/teams/events/match_report/?EventGameId=ozDIj0rKTu128NALvMj%2faCM8VFqamPj0oW4KfqkUsvU%3d,Scandal,Wildfire,2,7,13,9
5,3,2,/teams/events/match_report/?EventGameId=ozDIj0rKTu128NALvMj%2faCM8VFqamPj0oW4KfqkUsvU%3d,Scandal,Wildfire,2,7,13,9
6,4,2,/teams/events/match_report/?EventGameId=ozDIj0rKTu128NALvMj%2faCM8VFqamPj0oW4KfqkUsvU%3d,Scandal,Wildfire,2,7,13,9
7,5,2,/teams/events/match_report/?EventGameId=ozDIj0rKTu128NALvMj%2faCM8VFqamPj0oW4KfqkUsvU%3d,Scandal,Wildfire,2,7,13,9
8,6,2,/teams/events/match_report/?EventGameId=ozDIj0rKTu128NALvMj%2faCM8VFqamPj0oW4KfqkUsvU%3d,Scandal,Wildfire,2,7,13,9
9,7,2,/teams/events/match_report/?EventGameId=ozDIj0rKTu128NALvMj%2faCM8VFqamPj0oW4KfqkUsvU%3d,Scandal,Wildfire,2,7,13,9
10,7,3,/teams/events/match_report/?EventGameId=ozDIj0rKTu128NALvMj%2faCM8VFqamPj0oW4KfqkUsvU%3d,Scandal,Wildfire,2,7,13,9
11,8,3,/teams/events/match_report/?EventGameId=ozDIj0rKTu128NALvMj%2faCM8VFqamPj0oW4KfqkUsvU%3d,Scandal,Wildfire,2,7,13,9
12,9,3,/teams/events/match_report/?EventGameId=ozDIj0rKTu128NALvMj%2faCM8VFqamPj0oW4KfqkUsvU%3d,Scandal,Wildfire,2,7,13,9
13,9,4,/teams/events/match_report/?EventGameId=ozDIj0rKTu128NALvMj%2faCM8VFqamPj0oW4KfqkUsvU%3d,Scandal,Wildfire,2,7,13,9
14,9,5,/teams/events/match_report/?EventGameId=ozDIj0rKTu128NALvMj%2faCM8VFqamPj0oW4KfqkUsvU%3d,Scandal,Wildfire,2,7,13,9
15,9,6,/teams/events/match_report/?EventGameId=ozDIj0rKTu128NALvMj%2faCM8VFqamPj0oW4KfqkUsvU%3d,Scandal,Wildfire,2,7,13,9
16,9,7,/teams/events/match_report/?EventGameId=ozDIj0rKTu128NALvMj%2faCM8VFqamPj0oW4KfqkUsvU%3d,Scandal,Wildfire,2,7,13,9
17,10,7,/teams/events/match_report/?EventGameId=ozDIj0rKTu128NALvMj%2faCM8VFqamPj0oW4KfqkUsvU%3d,Scandal,Wildfire,2,7,13,9
18,10,8,/teams/events/match_report/?EventGameId=ozDIj0rKTu128NALvMj%2faCM8VFqamPj0oW4KfqkUsvU%3d,Scandal,Wildfire,2,7,13,9
19,11,8,/teams/events/match_report/?EventGameId=ozDIj0rKTu128NALvMj%2faCM8VFqamPj0oW4KfqkUsvU%3d,Scandal,Wildfire,2,7,13,9
20,11,9,/teams/events/match_report/?EventGameId=ozDIj0rKTu128NALvMj%2faCM8VFqamPj0oW4KfqkUsvU%3d,Scandal,Wildfire,2,7,13,9
21,12,9,/teams/events/match_report/?EventGameId=ozDIj0rKTu128NALvMj%2faCM8VFqamPj0oW4KfqkUsvU%3d,Scandal,Wildfire,2,7,13,9
22,13,9,/teams/events/match_report/?EventGameId=ozDIj0rKTu128NALvMj%2faCM8VFqamPj0oW4KfqkUsvU%3d,Scandal,Wildfire,2,7,13,9
0,0,0,/teams/events/match_report/?EventGameId=wxMkumgGrBqycKK8N%2bowl%2fV2bjxvzF9jrcUtM1%2f4HMc%3d,Schwa,Pop,5,9,12,10
1,1,0,/teams/events/match_report/?EventGameId=wxMkumgGrBqycKK8N%2bowl%2fV2bjxvzF9jrcUtM1%2f4HMc%3d,Schwa,Pop,5,9,12,10
2,2,0,/teams/events/match_report/?EventGameId=wxMkumgGrBqycKK8N%2bowl%2fV2bjxvzF9jrcUtM1%2f4HMc%3d,Schwa,Pop,5,9,12,10
3,3,0,/teams/events/match_report/?EventGameId=wxMkumgGrBqycKK8N%2bowl%2fV2bjxvzF9jrcUtM1%2f4HMc%3d,Schwa,Pop,5,9,12,10
4,3,1,/teams/events/match_report/?EventGameId=wxMkumgGrBqycKK8N%2bowl%2fV2bjxvzF9jrcUtM1%2f4HMc%3d,Schwa,Pop,5,9,12,10
5,4,1,/teams/events/match_report/?EventGameId=wxMkumgGrBqycKK8N%2bowl%2fV2bjxvzF9jrcUtM1%2f4HMc%3d,Schwa,Pop,5,9,12,10
6,4,2,/teams/events/match_report/?EventGameId=wxMkumgGrBqycKK8N%2bowl%2fV2bjxvzF9jrcUtM1%2f4HMc%3d,Schwa,Pop,5,9,12,10
7,4,3,/teams/events/match_report/?EventGameId=wxMkumgGrBqycKK8N%2bowl%2fV2bjxvzF9jrcUtM1%2f4HMc%3d,Schwa,Pop,5,9,12,10
8,5,3,/teams/events/match_report/?EventGameId=wxMkumgGrBqycKK8N%2bowl%2fV2bjxvzF9jrcUtM1%2f4HMc%3d,Schwa,Pop,5,9,12,10
9,5,4,/teams/events/match_report/?EventGameId=wxMkumgGrBqycKK8N%2bowl%2fV2bjxvzF9jrcUtM1%2f4HMc%3d,Schwa,Pop,5,9,12,10
10,6,4,/teams/events/match_report/?EventGameId=wxMkumgGrBqycKK8N%2bowl%2fV2bjxvzF9jrcUtM1%2f4HMc%3d,Schwa,Pop,5,9,12,10
11,6,5,/teams/events/match_report/?EventGameId=wxMkumgGrBqycKK8N%2bowl%2fV2bjxvzF9jrcUtM1%2f4HMc%3d,Schwa,Pop,5,9,12,10
12,6,6,/teams/events/match_report/?EventGameId=wxMkumgGrBqycKK8N%2bowl%2fV2bjxvzF9jrcUtM1%2f4HMc%3d,Schwa,Pop,5,9,12,10
13,6,7,/teams/events/match_report/?EventGameId=wxMkumgGrBqycKK8N%2bowl%2fV2bjxvzF9jrcUtM1%2f4HMc%3d,Schwa,Pop,5,9,12,10
14,7,7,/teams/events/match_report/?EventGameId=wxMkumgGrBqycKK8N%2bowl%2fV2bjxvzF9jrcUtM1%2f4HMc%3d,Schwa,Pop,5,9,12,10
15,7,8,/teams/events/match_report/?EventGameId=wxMkumgGrBqycKK8N%2bowl%2fV2bjxvzF9jrcUtM1%2f4HMc%3d,Schwa,Pop,5,9,12,10
16,8,8,/teams/events/match_report/?EventGameId=wxMkumgGrBqycKK8N%2bowl%2fV2bjxvzF9jrcUtM1%2f4HMc%3d,Schwa,Pop,5,9,12,10
17,8,9,/teams/events/match_report/?EventGameId=wxMkumgGrBqycKK8N%2bowl%2fV2bjxvzF9jrcUtM1%2f4HMc%3d,Schwa,Pop,5,9,12,10
18,8,10,/teams/events/match_report/?EventGameId=wxMkumgGrBqycKK8N%2bowl%2fV2bjxvzF9jrcUtM1%2f4HMc%3d,Schwa,Pop,5,9,12,10
19,9,10,/teams/events/match_report/?EventGameId=wxMkumgGrBqycKK8N%2bowl%2fV2bjxvzF9jrcUtM1%2f4HMc%3d,Schwa,Pop,5,9,12,10
0,0,0,/teams/events/match_report/?EventGameId=odfq4%2bl5eVefj0LO0wbS7ydOEp%2bSsDABnVTigJbq4lI%3d,6ixers,Scandal,3,2,9,12
0,0,0,/teams/events/match_report/?EventGameId=PdbivS%2baE8ltGiYZ%2fJ28%2f8FQrnpliHVL5IPI9XUU2hU%3d,Molly Brown,Showdown,1,12,13,9
1,1,0,/teams/events/match_report/?EventGameId=PdbivS%2baE8ltGiYZ%2fJ28%2f8FQrnpliHVL5IPI9XUU2hU%3d,Molly Brown,Showdown,1,12,13,9
2,1,1,/teams/events/match_report/?EventGameId=PdbivS%2baE8ltGiYZ%2fJ28%2f8FQrnpliHVL5IPI9XUU2hU%3d,Molly Brown,Showdown,1,12,13,9
3,2,1,/teams/events/match_report/?EventGameId=PdbivS%2baE8ltGiYZ%2fJ28%2f8FQrnpliHVL5IPI9XUU2hU%3d,Molly Brown,Showdown,1,12,13,9
4,2,2,/teams/events/match_report/?EventGameId=PdbivS%2baE8ltGiYZ%2fJ28%2f8FQrnpliHVL5IPI9XUU2hU%3d,Molly Brown,Showdown,1,12,13,9
5,3,2,/teams/events/match_report/?EventGameId=PdbivS%2baE8ltGiYZ%2fJ28%2f8FQrnpliHVL5IPI9XUU2hU%3d,Molly Brown,Showdown,1,12,13,9
6,3,3,/teams/events/match_report/?EventGameId=PdbivS%2baE8ltGiYZ%2fJ28%2f8FQrnpliHVL5IPI9XUU2hU%3d,Molly Brown,Showdown,1,12,13,9
7,4,3,/teams/events/match_report/?EventGameId=PdbivS%2baE8ltGiYZ%2fJ28%2f8FQrnpliHVL5IPI9XUU2hU%3d,Molly Brown,Showdown,1,12,13,9
8,4,4,/teams/events/match_report/?EventGameId=PdbivS%2baE8ltGiYZ%2fJ28%2f8FQrnpliHVL5IPI9XUU2hU%3d,Molly Brown,Showdown,1,12,13,9
9,5,4,/teams/events/match_report/?EventGameId=PdbivS%2baE8ltGiYZ%2fJ28%2f8FQrnpliHVL5IPI9XUU2hU%3d,Molly Brown,Showdown,1,12,13,9
10,6,4,/teams/events/match_report/?EventGameId=PdbivS%2baE8ltGiYZ%2fJ28%2f8FQrnpliHVL5IPI9XUU2hU%3d,Molly Brown,Showdown,1,12,13,9
11,7,4,/teams/events/match_report/?EventGameId=PdbivS%2baE8ltGiYZ%2fJ28%2f8FQrnpliHVL5IPI9XUU2hU%3d,Molly Brown,Showdown,1,12,13,9
12,8,4,/teams/events/match_report/?EventGameId=PdbivS%2baE8ltGiYZ%2fJ28%2f8FQrnpliHVL5IPI9XUU2hU%3d,Molly Brown,Showdown,1,12,13,9
13,8,5,/teams/events/match_report/?EventGameId=PdbivS%2baE8ltGiYZ%2fJ28%2f8FQrnpliHVL5IPI9XUU2hU%3d,Molly Brown,Showdown,1,12,13,9
14,9,5,/teams/events/match_report/?EventGameId=PdbivS%2baE8ltGiYZ%2fJ28%2f8FQrnpliHVL5IPI9XUU2hU%3d,Molly Brown,Showdown,1,12,13,9
15,9,6,/teams/events/match_report/?EventGameId=PdbivS%2baE8ltGiYZ%2fJ28%2f8FQrnpliHVL5IPI9XUU2hU%3d,Molly Brown,Showdown,1,12,13,9
16,9,7,/teams/events/match_report/?EventGameId=PdbivS%2baE8ltGiYZ%2fJ28%2f8FQrnpliHVL5IPI9XUU2hU%3d,Molly Brown,Showdown,1,12,13,9
17,9,8,/teams/events/match_report/?EventGameId=PdbivS%2baE8ltGiYZ%2fJ28%2f8FQrnpliHVL5IPI9XUU2hU%3d,Molly Brown,Showdown,1,12,13,9
18,10,8,/teams/events/match_report/?EventGameId=PdbivS%2baE8ltGiYZ%2fJ28%2f8FQrnpliHVL5IPI9XUU2hU%3d,Molly Brown,Showdown,1,12,13,9
19,11,8,/teams/events/match_report/?EventGameId=PdbivS%2baE8ltGiYZ%2fJ28%2f8FQrnpliHVL5IPI9XUU2hU%3d,Molly Brown,Showdown,1,12,13,9
20,12,8,/teams/events/match_report/?EventGameId=PdbivS%2baE8ltGiYZ%2fJ28%2f8FQrnpliHVL5IPI9XUU2hU%3d,Molly Brown,Showdown,1,12,13,9
21,12,9,/teams/events/match_report/?EventGameId=PdbivS%2baE8ltGiYZ%2fJ28%2f8FQrnpliHVL5IPI9XUU2hU%3d,Molly Brown,Showdown,1,12,13,9
22,13,9,/teams/events/match_report/?EventGameId=PdbivS%2baE8ltGiYZ%2fJ28%2f8FQrnpliHVL5IPI9XUU2hU%3d,Molly Brown,Showdown,1,12,13,9
0,0,0,/teams/events/match_report/?EventGameId=RSYUkgLiV1pKESWZAbLq9laykaPJh9NuEajbQsKKxDw%3d,Nemesis,Colorado Small Batch,8,16,10,6
0,0,0,/teams/events/match_report/?EventGameId=ZI2ex7h%2bi02%2bsRdVdSNFHyvGo6gJ4imJwZMz%2frmKr8M%3d,Showdown,Nemesis,12,8,9,10
0,0,0,/teams/events/match_report/?EventGameId=HxaBPWnyYGfu0LhSr%2fvMdE5N1QKzznvDE8QOqz%2fzel4%3d,Wildfire,Heist,7,13,10,9
1,1,0,/teams/events/match_report/?EventGameId=HxaBPWnyYGfu0LhSr%2fvMdE5N1QKzznvDE8QOqz%2fzel4%3d,Wildfire,Heist,7,13,10,9
2,1,1,/teams/events/match_report/?EventGameId=HxaBPWnyYGfu0LhSr%2fvMdE5N1QKzznvDE8QOqz%2fzel4%3d,Wildfire,Heist,7,13,10,9
3,2,1,/teams/events/match_report/?EventGameId=HxaBPWnyYGfu0LhSr%2fvMdE5N1QKzznvDE8QOqz%2fzel4%3d,Wildfire,Heist,7,13,10,9
4,2,2,/teams/events/match_report/?EventGameId=HxaBPWnyYGfu0LhSr%2fvMdE5N1QKzznvDE8QOqz%2fzel4%3d,Wildfire,Heist,7,13,10,9
5,3,2,/teams/events/match_report/?EventGameId=HxaBPWnyYGfu0LhSr%2fvMdE5N1QKzznvDE8QOqz%2fzel4%3d,Wildfire,Heist,7,13,10,9
6,4,2,/teams/events/match_report/?EventGameId=HxaBPWnyYGfu0LhSr%2fvMdE5N1QKzznvDE8QOqz%2fzel4%3d,Wildfire,Heist,7,13,10,9
7,5,2,/teams/events/match_report/?EventGameId=HxaBPWnyYGfu0LhSr%2fvMdE5N1QKzznvDE8QOqz%2fzel4%3d,Wildfire,Heist,7,13,10,9
8,6,2,/teams/events/match_report/?EventGameId=HxaBPWnyYGfu0LhSr%2fvMdE5N1QKzznvDE8QOqz%2fzel4%3d,Wildfire,Heist,7,13,10,9
9,7,2,/teams/events/match_report/?EventGameId=HxaBPWnyYGfu0LhSr%2fvMdE5N1QKzznvDE8QOqz%2fzel4%3d,Wildfire,Heist,7,13,10,9
10,8,2,/teams/events/match_report/?EventGameId=HxaBPWnyYGfu0LhSr%2fvMdE5N1QKzznvDE8QOqz%2fzel4%3d,Wildfire,Heist,7,13,10,9
11,9,2,/teams/events/match_report/?EventGameId=HxaBPWnyYGfu0LhSr%2fvMdE5N1QKzznvDE8QOqz%2fzel4%3d,Wildfire,Heist,7,13,10,9
12,9,3,/teams/events/match_report/?EventGameId=HxaBPWnyYGfu0LhSr%2fvMdE5N1QKzznvDE8QOqz%2fzel4%3d,Wildfire,Heist,7,13,10,9
13,10,3,/teams/events/match_report/?EventGameId=HxaBPWnyYGfu0LhSr%2fvMdE5N1QKzznvDE8QOqz%2fzel4%3d,Wildfire,Heist,7,13,10,9
14,10,4,/teams/events/match_report/?EventGameId=HxaBPWnyYGfu0LhSr%2fvMdE5N1QKzznvDE8QOqz%2fzel4%3d,Wildfire,Heist,7,13,10,9
0,0,0,/teams/events/match_report/?EventGameId=A9x7F6XPTrX1SikznG60%2fJ1Fj48SoYEMRk8i%2bYnJY8w%3d,Wildfire,Grit,7,14,11,12
1,1,0,/teams/events/match_report/?EventGameId=A9x7F6XPTrX1SikznG60%2fJ1Fj48SoYEMRk8i%2bYnJY8w%3d,Wildfire,Grit,7,14,11,12
2,2,0,/teams/events/match_report/?EventGameId=A9x7F6XPTrX1SikznG60%2fJ1Fj48SoYEMRk8i%2bYnJY8w%3d,Wildfire,Grit,7,14,11,12
3,2,1,/teams/events/match_report/?EventGameId=A9x7F6XPTrX1SikznG60%2fJ1Fj48SoYEMRk8i%2bYnJY8w%3d,Wildfire,Grit,7,14,11,12
4,3,1,/teams/events/match_report/?EventGameId=A9x7F6XPTrX1SikznG60%2fJ1Fj48SoYEMRk8i%2bYnJY8w%3d,Wildfire,Grit,7,14,11,12
5,4,1,/teams/events/match_report/?EventGameId=A9x7F6XPTrX1SikznG60%2fJ1Fj48SoYEMRk8i%2bYnJY8w%3d,Wildfire,Grit,7,14,11,12
6,4,2,/teams/events/match_report/?EventGameId=A9x7F6XPTrX1SikznG60%2fJ1Fj48SoYEMRk8i%2bYnJY8w%3d,Wildfire,Grit,7,14,11,12
7,5,2,/teams/events/match_report/?EventGameId=A9x7F6XPTrX1SikznG60%2fJ1Fj48SoYEMRk8i%2bYnJY8w%3d,Wildfire,Grit,7,14,11,12
8,5,3,/teams/events/match_report/?EventGameId=A9x7F6XPTrX1SikznG60%2fJ1Fj48SoYEMRk8i%2bYnJY8w%3d,Wildfire,Grit,7,14,11,12
9,5,4,/teams/events/match_report/?EventGameId=A9x7F6XPTrX1SikznG60%2fJ1Fj48SoYEMRk8i%2bYnJY8w%3d,Wildfire,Grit,7,14,11,12
10,5,5,/teams/events/match_report/?EventGameId=A9x7F6XPTrX1SikznG60%2fJ1Fj48SoYEMRk8i%2bYnJY8w%3d,Wildfire,Grit,7,14,11,12
11,5,6,/teams/events/match_report/?EventGameId=A9x7F6XPTrX1SikznG60%2fJ1Fj48SoYEMRk8i%2bYnJY8w%3d,Wildfire,Grit,7,14,11,12
12,6,6,/teams/events/match_report/?EventGameId=A9x7F6XPTrX1SikznG60%2fJ1Fj48SoYEMRk8i%2bYnJY8w%3d,Wildfire,Grit,7,14,11,12
13,6,7,/teams/events/match_report/?EventGameId=A9x7F6XPTrX1SikznG60%2fJ1Fj48SoYEMRk8i%2bYnJY8w%3d,Wildfire,Grit,7,14,11,12
14,7,7,/teams/events/match_report/?EventGameId=A9x7F6XPTrX1SikznG60%2fJ1Fj48SoYEMRk8i%2bYnJY8w%3d,Wildfire,Grit,7,14,11,12
15,8,7,/teams/events/match_report/?EventGameId=A9x7F6XPTrX1SikznG60%2fJ1Fj48SoYEMRk8i%2bYnJY8w%3d,Wildfire,Grit,7,14,11,12
16,8,8,/teams/events/match_report/?EventGameId=A9x7F6XPTrX1SikznG60%2fJ1Fj48SoYEMRk8i%2bYnJY8w%3d,Wildfire,Grit,7,14,11,12
17,8,9,/teams/events/match_report/?EventGameId=A9x7F6XPTrX1SikznG60%2fJ1Fj48SoYEMRk8i%2bYnJY8w%3d,Wildfire,Grit,7,14,11,12
18,8,10,/teams/events/match_report/?EventGameId=A9x7F6XPTrX1SikznG60%2fJ1Fj48SoYEMRk8i%2bYnJY8w%3d,Wildfire,Grit,7,14,11,12
19,9,10,/teams/events/match_report/?EventGameId=A9x7F6XPTrX1SikznG60%2fJ1Fj48SoYEMRk8i%2bYnJY8w%3d,Wildfire,Grit,7,14,11,12
20,9,11,/teams/events/match_report/?EventGameId=A9x7F6XPTrX1SikznG60%2fJ1Fj48SoYEMRk8i%2bYnJY8w%3d,Wildfire,Grit,7,14,11,12
21,10,11,/teams/events/match_report/?EventGameId=A9x7F6XPTrX1SikznG60%2fJ1Fj48SoYEMRk8i%2bYnJY8w%3d,Wildfire,Grit,7,14,11,12
22,10,12,/teams/events/match_report/?EventGameId=A9x7F6XPTrX1SikznG60%2fJ1Fj48SoYEMRk8i%2bYnJY8w%3d,Wildfire,Grit,7,14,11,12
23,11,12,/teams/events/match_report/?EventGameId=A9x7F6XPTrX1SikznG60%2fJ1Fj48SoYEMRk8i%2bYnJY8w%3d,Wildfire,Grit,7,14,11,12
0,0,0,/teams/events/match_report/?EventGameId=r%2f1azu0TmS7GgOi6LyOjJ8AHyqVXAftOTtMH6OiyvlI%3d,6ixers,Ozone,3,6,13,11
1,1,0,/teams/events/match_report/?EventGameId=r%2f1azu0TmS7GgOi6LyOjJ8AHyqVXAftOTtMH6OiyvlI%3d,6ixers,Ozone,3,6,13,11
2,1,1,/teams/events/match_report/?EventGameId=r%2f1azu0TmS7GgOi6LyOjJ8AHyqVXAftOTtMH6OiyvlI%3d,6ixers,Ozone,3,6,13,11
3,2,1,/teams/events/match_report/?EventGameId=r%2f1azu0TmS7GgOi6LyOjJ8AHyqVXAftOTtMH6OiyvlI%3d,6ixers,Ozone,3,6,13,11
4,2,2,/teams/events/match_report/?EventGameId=r%2f1azu0TmS7GgOi6LyOjJ8AHyqVXAftOTtMH6OiyvlI%3d,6ixers,Ozone,3,6,13,11
5,3,2,/teams/events/match_report/?EventGameId=r%2f1azu0TmS7GgOi6LyOjJ8AHyqVXAftOTtMH6OiyvlI%3d,6ixers,Ozone,3,6,13,11
6,3,3,/teams/events/match_report/?EventGameId=r%2f1azu0TmS7GgOi6LyOjJ8AHyqVXAftOTtMH6OiyvlI%3d,6ixers,Ozone,3,6,13,11
7,4,3,/teams/events/match_report/?EventGameId=r%2f1azu0TmS7GgOi6LyOjJ8AHyqVXAftOTtMH6OiyvlI%3d,6ixers,Ozone,3,6,13,11
8,5,3,/teams/events/match_report/?EventGameId=r%2f1azu0TmS7GgOi6LyOjJ8AHyqVXAftOTtMH6OiyvlI%3d,6ixers,Ozone,3,6,13,11
9,5,4,/teams/events/match_report/?EventGameId=r%2f1azu0TmS7GgOi6LyOjJ8AHyqVXAftOTtMH6OiyvlI%3d,6ixers,Ozone,3,6,13,11
10,6,4,/teams/events/match_report/?EventGameId=r%2f1azu0TmS7GgOi6LyOjJ8AHyqVXAftOTtMH6OiyvlI%3d,6ixers,Ozone,3,6,13,11
11,6,5,/teams/events/match_report/?EventGameId=r%2f1azu0TmS7GgOi6LyOjJ8AHyqVXAftOTtMH6OiyvlI%3d,6ixers,Ozone,3,6,13,11
12,6,6,/teams/events/match_report/?EventGameId=r%2f1azu0TmS7GgOi6LyOjJ8AHyqVXAftOTtMH6OiyvlI%3d,6ixers,Ozone,3,6,13,11
13,6,7,/teams/events/match_report/?EventGameId=r%2f1azu0TmS7GgOi6LyOjJ8AHyqVXAftOTtMH6OiyvlI%3d,6ixers,Ozone,3,6,13,11
14,7,7,/teams/events/match_report/?EventGameId=r%2f1azu0TmS7GgOi6LyOjJ8AHyqVXAftOTtMH6OiyvlI%3d,6ixers,Ozone,3,6,13,11
15,8,7,/teams/events/match_report/?EventGameId=r%2f1azu0TmS7GgOi6LyOjJ8AHyqVXAftOTtMH6OiyvlI%3d,6ixers,Ozone,3,6,13,11
16,8,8,/teams/events/match_report/?EventGameId=r%2f1azu0TmS7GgOi6LyOjJ8AHyqVXAftOTtMH6OiyvlI%3d,6ixers,Ozone,3,6,13,11
17,9,8,/teams/events/match_report/?EventGameId=r%2f1azu0TmS7GgOi6LyOjJ8AHyqVXAftOTtMH6OiyvlI%3d,6ixers,Ozone,3,6,13,11
18,10,8,/teams/events/match_report/?EventGameId=r%2f1azu0TmS7GgOi6LyOjJ8AHyqVXAftOTtMH6OiyvlI%3d,6ixers,Ozone,3,6,13,11
19,10,9,/teams/events/match_report/?EventGameId=r%2f1azu0TmS7GgOi6LyOjJ8AHyqVXAftOTtMH6OiyvlI%3d,6ixers,Ozone,3,6,13,11
20,11,9,/teams/events/match_report/?EventGameId=r%2f1azu0TmS7GgOi6LyOjJ8AHyqVXAftOTtMH6OiyvlI%3d,6ixers,Ozone,3,6,13,11
21,11,10,/teams/events/match_report/?EventGameId=r%2f1azu0TmS7GgOi6LyOjJ8AHyqVXAftOTtMH6OiyvlI%3d,6ixers,Ozone,3,6,13,11
22,12,10,/teams/events/match_report/?EventGameId=r%2f1azu0TmS7GgOi6LyOjJ8AHyqVXAftOTtMH6OiyvlI%3d,6ixers,Ozone,3,6,13,11
23,12,11,/teams/events/match_report/?EventGameId=r%2f1azu0TmS7GgOi6LyOjJ8AHyqVXAftOTtMH6OiyvlI%3d,6ixers,Ozone,3,6,13,11
24,13,11,/teams/events/match_report/?EventGameId=r%2f1azu0TmS7GgOi6LyOjJ8AHyqVXAftOTtMH6OiyvlI%3d,6ixers,Ozone,3,6,13,11
0,0,0,/teams/events/match_report/?EventGameId=b2N0tAOp1xT6%2b96c5lF3ssF2eCjFh1pHRflTAtvJaxk%3d,Scandal,Grit,2,14,13,7
1,0,1,/teams/events/match_report/?EventGameId=b2N0tAOp1xT6%2b96c5lF3ssF2eCjFh1pHRflTAtvJaxk%3d,Scandal,Grit,2,14,13,7
2,1,1,/teams/events/match_report/?EventGameId=b2N0tAOp1xT6%2b96c5lF3ssF2eCjFh1pHRflTAtvJaxk%3d,Scandal,Grit,2,14,13,7
3,2,1,/teams/events/match_report/?EventGameId=b2N0tAOp1xT6%2b96c5lF3ssF2eCjFh1pHRflTAtvJaxk%3d,Scandal,Grit,2,14,13,7
4,2,2,/teams/events/match_report/?EventGameId=b2N0tAOp1xT6%2b96c5lF3ssF2eCjFh1pHRflTAtvJaxk%3d,Scandal,Grit,2,14,13,7
5,3,2,/teams/events/match_report/?EventGameId=b2N0tAOp1xT6%2b96c5lF3ssF2eCjFh1pHRflTAtvJaxk%3d,Scandal,Grit,2,14,13,7
6,4,2,/teams/events/match_report/?EventGameId=b2N0tAOp1xT6%2b96c5lF3ssF2eCjFh1pHRflTAtvJaxk%3d,Scandal,Grit,2,14,13,7
7,4,3,/teams/events/match_report/?EventGameId=b2N0tAOp1xT6%2b96c5lF3ssF2eCjFh1pHRflTAtvJaxk%3d,Scandal,Grit,2,14,13,7
8,5,3,/teams/events/match_report/?EventGameId=b2N0tAOp1xT6%2b96c5lF3ssF2eCjFh1pHRflTAtvJaxk%3d,Scandal,Grit,2,14,13,7
9,6,3,/teams/events/match_report/?EventGameId=b2N0tAOp1xT6%2b96c5lF3ssF2eCjFh1pHRflTAtvJaxk%3d,Scandal,Grit,2,14,13,7
10,7,3,/teams/events/match_report/?EventGameId=b2N0tAOp1xT6%2b96c5lF3ssF2eCjFh1pHRflTAtvJaxk%3d,Scandal,Grit,2,14,13,7
11,8,3,/teams/events/match_report/?EventGameId=b2N0tAOp1xT6%2b96c5lF3ssF2eCjFh1pHRflTAtvJaxk%3d,Scandal,Grit,2,14,13,7
12,8,4,/teams/events/match_report/?EventGameId=b2N0tAOp1xT6%2b96c5lF3ssF2eCjFh1pHRflTAtvJaxk%3d,Scandal,Grit,2,14,13,7
13,9,4,/teams/events/match_report/?EventGameId=b2N0tAOp1xT6%2b96c5lF3ssF2eCjFh1pHRflTAtvJaxk%3d,Scandal,Grit,2,14,13,7
14,9,5,/teams/events/match_report/?EventGameId=b2N0tAOp1xT6%2b96c5lF3ssF2eCjFh1pHRflTAtvJaxk%3d,Scandal,Grit,2,14,13,7
15,9,6,/teams/events/match_report/?EventGameId=b2N0tAOp1xT6%2b96c5lF3ssF2eCjFh1pHRflTAtvJaxk%3d,Scandal,Grit,2,14,13,7
16,10,6,/teams/events/match_report/?EventGameId=b2N0tAOp1xT6%2b96c5lF3ssF2eCjFh1pHRflTAtvJaxk%3d,Scandal,Grit,2,14,13,7
17,11,6,/teams/events/match_report/?EventGameId=b2N0tAOp1xT6%2b96c5lF3ssF2eCjFh1pHRflTAtvJaxk%3d,Scandal,Grit,2,14,13,7
18,12,6,/teams/events/match_report/?EventGameId=b2N0tAOp1xT6%2b96c5lF3ssF2eCjFh1pHRflTAtvJaxk%3d,Scandal,Grit,2,14,13,7
19,12,7,/teams/events/match_report/?EventGameId=b2N0tAOp1xT6%2b96c5lF3ssF2eCjFh1pHRflTAtvJaxk%3d,Scandal,Grit,2,14,13,7
20,13,7,/teams/events/match_report/?EventGameId=b2N0tAOp1xT6%2b96c5lF3ssF2eCjFh1pHRflTAtvJaxk%3d,Scandal,Grit,2,14,13,7
0,0,0,/teams/events/match_report/?EventGameId=oF2DJJL3mQHT%2fuBWu1rBBFbeXo0bzPLV6Ag05Kogn5M%3d,6ixers,Wicked,3,15,13,5
1,0,1,/teams/events/match_report/?EventGameId=oF2DJJL3mQHT%2fuBWu1rBBFbeXo0bzPLV6Ag05Kogn5M%3d,6ixers,Wicked,3,15,13,5
2,1,1,/teams/events/match_report/?EventGameId=oF2DJJL3mQHT%2fuBWu1rBBFbeXo0bzPLV6Ag05Kogn5M%3d,6ixers,Wicked,3,15,13,5
3,1,2,/teams/events/match_report/?EventGameId=oF2DJJL3mQHT%2fuBWu1rBBFbeXo0bzPLV6Ag05Kogn5M%3d,6ixers,Wicked,3,15,13,5
4,2,2,/teams/events/match_report/?EventGameId=oF2DJJL3mQHT%2fuBWu1rBBFbeXo0bzPLV6Ag05Kogn5M%3d,6ixers,Wicked,3,15,13,5
5,3,2,/teams/events/match_report/?EventGameId=oF2DJJL3mQHT%2fuBWu1rBBFbeXo0bzPLV6Ag05Kogn5M%3d,6ixers,Wicked,3,15,13,5
6,4,2,/teams/events/match_report/?EventGameId=oF2DJJL3mQHT%2fuBWu1rBBFbeXo0bzPLV6Ag05Kogn5M%3d,6ixers,Wicked,3,15,13,5
7,4,3,/teams/events/match_report/?EventGameId=oF2DJJL3mQHT%2fuBWu1rBBFbeXo0bzPLV6Ag05Kogn5M%3d,6ixers,Wicked,3,15,13,5
8,5,3,/teams/events/match_report/?EventGameId=oF2DJJL3mQHT%2fuBWu1rBBFbeXo0bzPLV6Ag05Kogn5M%3d,6ixers,Wicked,3,15,13,5
9,6,3,/teams/events/match_report/?EventGameId=oF2DJJL3mQHT%2fuBWu1rBBFbeXo0bzPLV6Ag05Kogn5M%3d,6ixers,Wicked,3,15,13,5
10,7,3,/teams/events/match_report/?EventGameId=oF2DJJL3mQHT%2fuBWu1rBBFbeXo0bzPLV6Ag05Kogn5M%3d,6ixers,Wicked,3,15,13,5
11,8,3,/teams/events/match_report/?EventGameId=oF2DJJL3mQHT%2fuBWu1rBBFbeXo0bzPLV6Ag05Kogn5M%3d,6ixers,Wicked,3,15,13,5
12,8,4,/teams/events/match_report/?EventGameId=oF2DJJL3mQHT%2fuBWu1rBBFbeXo0bzPLV6Ag05Kogn5M%3d,6ixers,Wicked,3,15,13,5
13,9,4,/teams/events/match_report/?EventGameId=oF2DJJL3mQHT%2fuBWu1rBBFbeXo0bzPLV6Ag05Kogn5M%3d,6ixers,Wicked,3,15,13,5
14,10,4,/teams/events/match_report/?EventGameId=oF2DJJL3mQHT%2fuBWu1rBBFbeXo0bzPLV6Ag05Kogn5M%3d,6ixers,Wicked,3,15,13,5
15,11,4,/teams/events/match_report/?EventGameId=oF2DJJL3mQHT%2fuBWu1rBBFbeXo0bzPLV6Ag05Kogn5M%3d,6ixers,Wicked,3,15,13,5
16,12,4,/teams/events/match_report/?EventGameId=oF2DJJL3mQHT%2fuBWu1rBBFbeXo0bzPLV6Ag05Kogn5M%3d,6ixers,Wicked,3,15,13,5
17,13,4,/teams/events/match_report/?EventGameId=oF2DJJL3mQHT%2fuBWu1rBBFbeXo0bzPLV6Ag05Kogn5M%3d,6ixers,Wicked,3,15,13,5
18,13,5,/teams/events/match_report/?EventGameId=oF2DJJL3mQHT%2fuBWu1rBBFbeXo0bzPLV6Ag05Kogn5M%3d,6ixers,Wicked,3,15,13,5
0,0,0,/teams/events/match_report/?EventGameId=1EJe%2bah7NEV5z6fubhHZTxfVXDoNNflUgRY4ty1B6BI%3d,Nemesis,Showdown,8,12,10,8
1,0,1,/teams/events/match_report/?EventGameId=1EJe%2bah7NEV5z6fubhHZTxfVXDoNNflUgRY4ty1B6BI%3d,Nemesis,Showdown,8,12,10,8
2,0,2,/teams/events/match_report/?EventGameId=1EJe%2bah7NEV5z6fubhHZTxfVXDoNNflUgRY4ty1B6BI%3d,Nemesis,Showdown,8,12,10,8
3,1,2,/teams/events/match_report/?EventGameId=1EJe%2bah7NEV5z6fubhHZTxfVXDoNNflUgRY4ty1B6BI%3d,Nemesis,Showdown,8,12,10,8
4,1,3,/teams/events/match_report/?EventGameId=1EJe%2bah7NEV5z6fubhHZTxfVXDoNNflUgRY4ty1B6BI%3d,Nemesis,Showdown,8,12,10,8
5,2,3,/teams/events/match_report/?EventGameId=1EJe%2bah7NEV5z6fubhHZTxfVXDoNNflUgRY4ty1B6BI%3d,Nemesis,Showdown,8,12,10,8
6,2,4,/teams/events/match_report/?EventGameId=1EJe%2bah7NEV5z6fubhHZTxfVXDoNNflUgRY4ty1B6BI%3d,Nemesis,Showdown,8,12,10,8
7,3,4,/teams/events/match_report/?EventGameId=1EJe%2bah7NEV5z6fubhHZTxfVXDoNNflUgRY4ty1B6BI%3d,Nemesis,Showdown,8,12,10,8
8,3,5,/teams/events/match_report/?EventGameId=1EJe%2bah7NEV5z6fubhHZTxfVXDoNNflUgRY4ty1B6BI%3d,Nemesis,Showdown,8,12,10,8
9,4,5,/teams/events/match_report/?EventGameId=1EJe%2bah7NEV5z6fubhHZTxfVXDoNNflUgRY4ty1B6BI%3d,Nemesis,Showdown,8,12,10,8
10,4,6,/teams/events/match_report/?EventGameId=1EJe%2bah7NEV5z6fubhHZTxfVXDoNNflUgRY4ty1B6BI%3d,Nemesis,Showdown,8,12,10,8
11,5,6,/teams/events/match_report/?EventGameId=1EJe%2bah7NEV5z6fubhHZTxfVXDoNNflUgRY4ty1B6BI%3d,Nemesis,Showdown,8,12,10,8
12,6,6,/teams/events/match_report/?EventGameId=1EJe%2bah7NEV5z6fubhHZTxfVXDoNNflUgRY4ty1B6BI%3d,Nemesis,Showdown,8,12,10,8
13,7,6,/teams/events/match_report/?EventGameId=1EJe%2bah7NEV5z6fubhHZTxfVXDoNNflUgRY4ty1B6BI%3d,Nemesis,Showdown,8,12,10,8
14,7,7,/teams/events/match_report/?EventGameId=1EJe%2bah7NEV5z6fubhHZTxfVXDoNNflUgRY4ty1B6BI%3d,Nemesis,Showdown,8,12,10,8
15,8,7,/teams/events/match_report/?EventGameId=1EJe%2bah7NEV5z6fubhHZTxfVXDoNNflUgRY4ty1B6BI%3d,Nemesis,Showdown,8,12,10,8
16,8,8,/teams/events/match_report/?EventGameId=1EJe%2bah7NEV5z6fubhHZTxfVXDoNNflUgRY4ty1B6BI%3d,Nemesis,Showdown,8,12,10,8
17,9,8,/teams/events/match_report/?EventGameId=1EJe%2bah7NEV5z6fubhHZTxfVXDoNNflUgRY4ty1B6BI%3d,Nemesis,Showdown,8,12,10,8
18,10,8,/teams/events/match_report/?EventGameId=1EJe%2bah7NEV5z6fubhHZTxfVXDoNNflUgRY4ty1B6BI%3d,Nemesis,Showdown,8,12,10,8
0,0,0,/teams/events/match_report/?EventGameId=GqBc%2fjcETzoGtgLuRybaH64PHwuo%2b%2bEiX4ybeCdYAgU%3d,Rival,Showdown,10,12,8,7
0,0,0,/teams/events/match_report/?EventGameId=qKsNihGvmCScRaNzSPVq0CXuiO7G7AnUQPKwvX9oBWM%3d,Colorado Small Batch,Wicked,16,15,6,9
0,0,0,/teams/events/match_report/?EventGameId=w0AGNLqbHCOhtKeXqIfGeT2XJo95bGcBckslqLyW%2bkQ%3d,Showdown,Heist,12,13,11,8
1,1,0,/teams/events/match_report/?EventGameId=w0AGNLqbHCOhtKeXqIfGeT2XJo95bGcBckslqLyW%2bkQ%3d,Showdown,Heist,12,13,11,8
2,2,0,/teams/events/match_report/?EventGameId=w0AGNLqbHCOhtKeXqIfGeT2XJo95bGcBckslqLyW%2bkQ%3d,Showdown,Heist,12,13,11,8
3,3,0,/teams/events/match_report/?EventGameId=w0AGNLqbHCOhtKeXqIfGeT2XJo95bGcBckslqLyW%2bkQ%3d,Showdown,Heist,12,13,11,8
4,3,1,/teams/events/match_report/?EventGameId=w0AGNLqbHCOhtKeXqIfGeT2XJo95bGcBckslqLyW%2bkQ%3d,Showdown,Heist,12,13,11,8
5,4,1,/teams/events/match_report/?EventGameId=w0AGNLqbHCOhtKeXqIfGeT2XJo95bGcBckslqLyW%2bkQ%3d,Showdown,Heist,12,13,11,8
6,4,2,/teams/events/match_report/?EventGameId=w0AGNLqbHCOhtKeXqIfGeT2XJo95bGcBckslqLyW%2bkQ%3d,Showdown,Heist,12,13,11,8
7,5,2,/teams/events/match_report/?EventGameId=w0AGNLqbHCOhtKeXqIfGeT2XJo95bGcBckslqLyW%2bkQ%3d,Showdown,Heist,12,13,11,8
8,6,2,/teams/events/match_report/?EventGameId=w0AGNLqbHCOhtKeXqIfGeT2XJo95bGcBckslqLyW%2bkQ%3d,Showdown,Heist,12,13,11,8
9,6,3,/teams/events/match_report/?EventGameId=w0AGNLqbHCOhtKeXqIfGeT2XJo95bGcBckslqLyW%2bkQ%3d,Showdown,Heist,12,13,11,8
10,7,3,/teams/events/match_report/?EventGameId=w0AGNLqbHCOhtKeXqIfGeT2XJo95bGcBckslqLyW%2bkQ%3d,Showdown,Heist,12,13,11,8
11,7,4,/teams/events/match_report/?EventGameId=w0AGNLqbHCOhtKeXqIfGeT2XJo95bGcBckslqLyW%2bkQ%3d,Showdown,Heist,12,13,11,8
12,7,5,/teams/events/match_report/?EventGameId=w0AGNLqbHCOhtKeXqIfGeT2XJo95bGcBckslqLyW%2bkQ%3d,Showdown,Heist,12,13,11,8
13,7,6,/teams/events/match_report/?EventGameId=w0AGNLqbHCOhtKeXqIfGeT2XJo95bGcBckslqLyW%2bkQ%3d,Showdown,Heist,12,13,11,8
14,8,6,/teams/events/match_report/?EventGameId=w0AGNLqbHCOhtKeXqIfGeT2XJo95bGcBckslqLyW%2bkQ%3d,Showdown,Heist,12,13,11,8
15,8,7,/teams/events/match_report/?EventGameId=w0AGNLqbHCOhtKeXqIfGeT2XJo95bGcBckslqLyW%2bkQ%3d,Showdown,Heist,12,13,11,8
16,9,7,/teams/events/match_report/?EventGameId=w0AGNLqbHCOhtKeXqIfGeT2XJo95bGcBckslqLyW%2bkQ%3d,Showdown,Heist,12,13,11,8
17,9,8,/teams/events/match_report/?EventGameId=w0AGNLqbHCOhtKeXqIfGeT2XJo95bGcBckslqLyW%2bkQ%3d,Showdown,Heist,12,13,11,8
18,10,8,/teams/events/match_report/?EventGameId=w0AGNLqbHCOhtKeXqIfGeT2XJo95bGcBckslqLyW%2bkQ%3d,Showdown,Heist,12,13,11,8
19,11,8,/teams/events/match_report/?EventGameId=w0AGNLqbHCOhtKeXqIfGeT2XJo95bGcBckslqLyW%2bkQ%3d,Showdown,Heist,12,13,11,8
0,0,0,/teams/events/match_report/?EventGameId=fybnXsE6W7k91sWQItrWsQYZxcwQ4JzT4%2blcvGLPIms%3d,Molly Brown,Heist,1,13,13,2
1,1,0,/teams/events/match_report/?EventGameId=fybnXsE6W7k91sWQItrWsQYZxcwQ4JzT4%2blcvGLPIms%3d,Molly Brown,Heist,1,13,13,2
2,1,1,/teams/events/match_report/?EventGameId=fybnXsE6W7k91sWQItrWsQYZxcwQ4JzT4%2blcvGLPIms%3d,Molly Brown,Heist,1,13,13,2
3,2,1,/teams/events/match_report/?EventGameId=fybnXsE6W7k91sWQItrWsQYZxcwQ4JzT4%2blcvGLPIms%3d,Molly Brown,Heist,1,13,13,2
4,3,1,/teams/events/match_report/?EventGameId=fybnXsE6W7k91sWQItrWsQYZxcwQ4JzT4%2blcvGLPIms%3d,Molly Brown,Heist,1,13,13,2
5,4,1,/teams/events/match_report/?EventGameId=fybnXsE6W7k91sWQItrWsQYZxcwQ4JzT4%2blcvGLPIms%3d,Molly Brown,Heist,1,13,13,2
6,4,2,/teams/events/match_report/?EventGameId=fybnXsE6W7k91sWQItrWsQYZxcwQ4JzT4%2blcvGLPIms%3d,Molly Brown,Heist,1,13,13,2
7,5,2,/teams/events/match_report/?EventGameId=fybnXsE6W7k91sWQItrWsQYZxcwQ4JzT4%2blcvGLPIms%3d,Molly Brown,Heist,1,13,13,2
8,6,2,/teams/events/match_report/?EventGameId=fybnXsE6W7k91sWQItrWsQYZxcwQ4JzT4%2blcvGLPIms%3d,Molly Brown,Heist,1,13,13,2
9,7,2,/teams/events/match_report/?EventGameId=fybnXsE6W7k91sWQItrWsQYZxcwQ4JzT4%2blcvGLPIms%3d,Molly Brown,Heist,1,13,13,2
10,8,2,/teams/events/match_report/?EventGameId=fybnXsE6W7k91sWQItrWsQYZxcwQ4JzT4%2blcvGLPIms%3d,Molly Brown,Heist,1,13,13,2
11,9,2,/teams/events/match_report/?EventGameId=fybnXsE6W7k91sWQItrWsQYZxcwQ4JzT4%2blcvGLPIms%3d,Molly Brown,Heist,1,13,13,2
12,10,2,/teams/events/match_report/?EventGameId=fybnXsE6W7k91sWQItrWsQYZxcwQ4JzT4%2blcvGLPIms%3d,Molly Brown,Heist,1,13,13,2
13,11,2,/teams/events/match_report/?EventGameId=fybnXsE6W7k91sWQItrWsQYZxcwQ4JzT4%2blcvGLPIms%3d,Molly Brown,Heist,1,13,13,2
14,12,2,/teams/events/match_report/?EventGameId=fybnXsE6W7k91sWQItrWsQYZxcwQ4JzT4%2blcvGLPIms%3d,Molly Brown,Heist,1,13,13,2
15,13,2,/teams/events/match_report/?EventGameId=fybnXsE6W7k91sWQItrWsQYZxcwQ4JzT4%2blcvGLPIms%3d,Molly Brown,Heist,1,13,13,2
0,0,0,/teams/events/match_report/?EventGameId=V%2b7%2bQceorXIksEuxBPo3YeeBiw1CzcdDNe0gHAJyCik%3d,Pop,Grit,9,14,4,9
0,0,0,/teams/events/match_report/?EventGameId=rf%2bx5jjnhSPNLdJcnjyBxBpQehW9zW%2fLoxR59CkauSA%3d,Phoenix,Rival,11,10,13,9
0,0,0,/teams/events/match_report/?EventGameId=%2bzxswcK%2b05Y5dpMeax77FfPFMVPtpVQTd5TQxYODMtM%3d,Wildfire,Phoenix,7,11,8,13
1,1,0,/teams/events/match_report/?EventGameId=%2bzxswcK%2b05Y5dpMeax77FfPFMVPtpVQTd5TQxYODMtM%3d,Wildfire,Phoenix,7,11,8,13
2,1,1,/teams/events/match_report/?EventGameId=%2bzxswcK%2b05Y5dpMeax77FfPFMVPtpVQTd5TQxYODMtM%3d,Wildfire,Phoenix,7,11,8,13
3,2,1,/teams/events/match_report/?EventGameId=%2bzxswcK%2b05Y5dpMeax77FfPFMVPtpVQTd5TQxYODMtM%3d,Wildfire,Phoenix,7,11,8,13
4,2,2,/teams/events/match_report/?EventGameId=%2bzxswcK%2b05Y5dpMeax77FfPFMVPtpVQTd5TQxYODMtM%3d,Wildfire,Phoenix,7,11,8,13
5,3,2,/teams/events/match_report/?EventGameId=%2bzxswcK%2b05Y5dpMeax77FfPFMVPtpVQTd5TQxYODMtM%3d,Wildfire,Phoenix,7,11,8,13
6,3,3,/teams/events/match_report/?EventGameId=%2bzxswcK%2b05Y5dpMeax77FfPFMVPtpVQTd5TQxYODMtM%3d,Wildfire,Phoenix,7,11,8,13
7,3,4,/teams/events/match_report/?EventGameId=%2bzxswcK%2b05Y5dpMeax77FfPFMVPtpVQTd5TQxYODMtM%3d,Wildfire,Phoenix,7,11,8,13
8,3,5,/teams/events/match_report/?EventGameId=%2bzxswcK%2b05Y5dpMeax77FfPFMVPtpVQTd5TQxYODMtM%3d,Wildfire,Phoenix,7,11,8,13
9,3,6,/teams/events/match_report/?EventGameId=%2bzxswcK%2b05Y5dpMeax77FfPFMVPtpVQTd5TQxYODMtM%3d,Wildfire,Phoenix,7,11,8,13
10,4,6,/teams/events/match_report/?EventGameId=%2bzxswcK%2b05Y5dpMeax77FfPFMVPtpVQTd5TQxYODMtM%3d,Wildfire,Phoenix,7,11,8,13
11,4,7,/teams/events/match_report/?EventGameId=%2bzxswcK%2b05Y5dpMeax77FfPFMVPtpVQTd5TQxYODMtM%3d,Wildfire,Phoenix,7,11,8,13
12,4,8,/teams/events/match_report/?EventGameId=%2bzxswcK%2b05Y5dpMeax77FfPFMVPtpVQTd5TQxYODMtM%3d,Wildfire,Phoenix,7,11,8,13
13,5,8,/teams/events/match_report/?EventGameId=%2bzxswcK%2b05Y5dpMeax77FfPFMVPtpVQTd5TQxYODMtM%3d,Wildfire,Phoenix,7,11,8,13
14,6,8,/teams/events/match_report/?EventGameId=%2bzxswcK%2b05Y5dpMeax77FfPFMVPtpVQTd5TQxYODMtM%3d,Wildfire,Phoenix,7,11,8,13
15,6,9,/teams/events/match_report/?EventGameId=%2bzxswcK%2b05Y5dpMeax77FfPFMVPtpVQTd5TQxYODMtM%3d,Wildfire,Phoenix,7,11,8,13
16,6,10,/teams/events/match_report/?EventGameId=%2bzxswcK%2b05Y5dpMeax77FfPFMVPtpVQTd5TQxYODMtM%3d,Wildfire,Phoenix,7,11,8,13
17,7,10,/teams/events/match_report/?EventGameId=%2bzxswcK%2b05Y5dpMeax77FfPFMVPtpVQTd5TQxYODMtM%3d,Wildfire,Phoenix,7,11,8,13
18,7,11,/teams/events/match_report/?EventGameId=%2bzxswcK%2b05Y5dpMeax77FfPFMVPtpVQTd5TQxYODMtM%3d,Wildfire,Phoenix,7,11,8,13
19,7,12,/teams/events/match_report/?EventGameId=%2bzxswcK%2b05Y5dpMeax77FfPFMVPtpVQTd5TQxYODMtM%3d,Wildfire,Phoenix,7,11,8,13
20,8,12,/teams/events/match_report/?EventGameId=%2bzxswcK%2b05Y5dpMeax77FfPFMVPtpVQTd5TQxYODMtM%3d,Wildfire,Phoenix,7,11,8,13
21,8,13,/teams/events/match_report/?EventGameId=%2bzxswcK%2b05Y5dpMeax77FfPFMVPtpVQTd5TQxYODMtM%3d,Wildfire,Phoenix,7,11,8,13
0,0,0,/teams/events/match_report/?EventGameId=o6MPkqLBHY%2fD6VvyL87uYqF9fowdxax6cillJnNaFgo%3d,Schwa,6ixers,5,3,9,13
0,0,0,/teams/events/match_report/?EventGameId=sGfMFyWvxVB5Dzql3cfP3pvi14OYV4Ppm0XTS8k8JpY%3d,Phoenix,Grit,11,14,13,7
1,1,0,/teams/events/match_report/?EventGameId=sGfMFyWvxVB5Dzql3cfP3pvi14OYV4Ppm0XTS8k8JpY%3d,Phoenix,Grit,11,14,13,7
2,2,0,/teams/events/match_report/?EventGameId=sGfMFyWvxVB5Dzql3cfP3pvi14OYV4Ppm0XTS8k8JpY%3d,Phoenix,Grit,11,14,13,7
3,2,1,/teams/events/match_report/?EventGameId=sGfMFyWvxVB5Dzql3cfP3pvi14OYV4Ppm0XTS8k8JpY%3d,Phoenix,Grit,11,14,13,7
4,3,1,/teams/events/match_report/?EventGameId=sGfMFyWvxVB5Dzql3cfP3pvi14OYV4Ppm0XTS8k8JpY%3d,Phoenix,Grit,11,14,13,7
5,4,1,/teams/events/match_report/?EventGameId=sGfMFyWvxVB5Dzql3cfP3pvi14OYV4Ppm0XTS8k8JpY%3d,Phoenix,Grit,11,14,13,7
6,5,1,/teams/events/match_report/?EventGameId=sGfMFyWvxVB5Dzql3cfP3pvi14OYV4Ppm0XTS8k8JpY%3d,Phoenix,Grit,11,14,13,7
7,5,2,/teams/events/match_report/?EventGameId=sGfMFyWvxVB5Dzql3cfP3pvi14OYV4Ppm0XTS8k8JpY%3d,Phoenix,Grit,11,14,13,7
8,6,2,/teams/events/match_report/?EventGameId=sGfMFyWvxVB5Dzql3cfP3pvi14OYV4Ppm0XTS8k8JpY%3d,Phoenix,Grit,11,14,13,7
9,7,2,/teams/events/match_report/?EventGameId=sGfMFyWvxVB5Dzql3cfP3pvi14OYV4Ppm0XTS8k8JpY%3d,Phoenix,Grit,11,14,13,7
10,8,2,/teams/events/match_report/?EventGameId=sGfMFyWvxVB5Dzql3cfP3pvi14OYV4Ppm0XTS8k8JpY%3d,Phoenix,Grit,11,14,13,7
11,9,2,/teams/events/match_report/?EventGameId=sGfMFyWvxVB5Dzql3cfP3pvi14OYV4Ppm0XTS8k8JpY%3d,Phoenix,Grit,11,14,13,7
12,9,3,/teams/events/match_report/?EventGameId=sGfMFyWvxVB5Dzql3cfP3pvi14OYV4Ppm0XTS8k8JpY%3d,Phoenix,Grit,11,14,13,7
13,9,4,/teams/events/match_report/?EventGameId=sGfMFyWvxVB5Dzql3cfP3pvi14OYV4Ppm0XTS8k8JpY%3d,Phoenix,Grit,11,14,13,7
14,9,5,/teams/events/match_report/?EventGameId=sGfMFyWvxVB5Dzql3cfP3pvi14OYV4Ppm0XTS8k8JpY%3d,Phoenix,Grit,11,14,13,7
15,10,5,/teams/events/match_report/?EventGameId=sGfMFyWvxVB5Dzql3cfP3pvi14OYV4Ppm0XTS8k8JpY%3d,Phoenix,Grit,11,14,13,7
16,11,5,/teams/events/match_report/?EventGameId=sGfMFyWvxVB5Dzql3cfP3pvi14OYV4Ppm0XTS8k8JpY%3d,Phoenix,Grit,11,14,13,7
17,11,6,/teams/events/match_report/?EventGameId=sGfMFyWvxVB5Dzql3cfP3pvi14OYV4Ppm0XTS8k8JpY%3d,Phoenix,Grit,11,14,13,7
18,12,6,/teams/events/match_report/?EventGameId=sGfMFyWvxVB5Dzql3cfP3pvi14OYV4Ppm0XTS8k8JpY%3d,Phoenix,Grit,11,14,13,7
19,12,7,/teams/events/match_report/?EventGameId=sGfMFyWvxVB5Dzql3cfP3pvi14OYV4Ppm0XTS8k8JpY%3d,Phoenix,Grit,11,14,13,7
20,13,7,/teams/events/match_report/?EventGameId=sGfMFyWvxVB5Dzql3cfP3pvi14OYV4Ppm0XTS8k8JpY%3d,Phoenix,Grit,11,14,13,7
0,0,0,/teams/events/match_report/?EventGameId=LTo%2f8NpwVDkkY57qK256BC0wDn%2bf%2bHlMrO2aUOb%2fBgk%3d,Nightlock,Colorado Small Batch,4,16,13,2
1,1,0,/teams/events/match_report/?EventGameId=LTo%2f8NpwVDkkY57qK256BC0wDn%2bf%2bHlMrO2aUOb%2fBgk%3d,Nightlock,Colorado Small Batch,4,16,13,2
2,2,0,/teams/events/match_report/?EventGameId=LTo%2f8NpwVDkkY57qK256BC0wDn%2bf%2bHlMrO2aUOb%2fBgk%3d,Nightlock,Colorado Small Batch,4,16,13,2
3,3,0,/teams/events/match_report/?EventGameId=LTo%2f8NpwVDkkY57qK256BC0wDn%2bf%2bHlMrO2aUOb%2fBgk%3d,Nightlock,Colorado Small Batch,4,16,13,2
4,3,1,/teams/events/match_report/?EventGameId=LTo%2f8NpwVDkkY57qK256BC0wDn%2bf%2bHlMrO2aUOb%2fBgk%3d,Nightlock,Colorado Small Batch,4,16,13,2
5,4,1,/teams/events/match_report/?EventGameId=LTo%2f8NpwVDkkY57qK256BC0wDn%2bf%2bHlMrO2aUOb%2fBgk%3d,Nightlock,Colorado Small Batch,4,16,13,2
6,5,1,/teams/events/match_report/?EventGameId=LTo%2f8NpwVDkkY57qK256BC0wDn%2bf%2bHlMrO2aUOb%2fBgk%3d,Nightlock,Colorado Small Batch,4,16,13,2
7,6,1,/teams/events/match_report/?EventGameId=LTo%2f8NpwVDkkY57qK256BC0wDn%2bf%2bHlMrO2aUOb%2fBgk%3d,Nightlock,Colorado Small Batch,4,16,13,2
8,7,1,/teams/events/match_report/?EventGameId=LTo%2f8NpwVDkkY57qK256BC0wDn%2bf%2bHlMrO2aUOb%2fBgk%3d,Nightlock,Colorado Small Batch,4,16,13,2
9,8,1,/teams/events/match_report/?EventGameId=LTo%2f8NpwVDkkY57qK256BC0wDn%2bf%2bHlMrO2aUOb%2fBgk%3d,Nightlock,Colorado Small Batch,4,16,13,2
10,9,1,/teams/events/match_report/?EventGameId=LTo%2f8NpwVDkkY57qK256BC0wDn%2bf%2bHlMrO2aUOb%2fBgk%3d,Nightlock,Colorado Small Batch,4,16,13,2
11,10,1,/teams/events/match_report/?EventGameId=LTo%2f8NpwVDkkY57qK256BC0wDn%2bf%2bHlMrO2aUOb%2fBgk%3d,Nightlock,Colorado Small Batch,4,16,13,2
12,11,1,/teams/events/match_report/?EventGameId=LTo%2f8NpwVDkkY57qK256BC0wDn%2bf%2bHlMrO2aUOb%2fBgk%3d,Nightlock,Colorado Small Batch,4,16,13,2
13,11,2,/teams/events/match_report/?EventGameId=LTo%2f8NpwVDkkY57qK256BC0wDn%2bf%2bHlMrO2aUOb%2fBgk%3d,Nightlock,Colorado Small Batch,4,16,13,2
14,12,2,/teams/events/match_report/?EventGameId=LTo%2f8NpwVDkkY57qK256BC0wDn%2bf%2bHlMrO2aUOb%2fBgk%3d,Nightlock,Colorado Small Batch,4,16,13,2
15,13,2,/teams/events/match_report/?EventGameId=LTo%2f8NpwVDkkY57qK256BC0wDn%2bf%2bHlMrO2aUOb%2fBgk%3d,Nightlock,Colorado Small Batch,4,16,13,2
0,0,0,/teams/events/match_report/?EventGameId=1Pbt8Z5KRW%2fHrqnBRWpRvv7Hivvyn2ed3DyTq3MuWcs%3d,Molly Brown,Schwa,1,5,11,10
0,0,0,/teams/events/match_report/?EventGameId=hRd75B4OTrEC5Rw7kB1XEBMkIp9S0Lu4LP7dC%2bXgDM0%3d,Phoenix,Ozone,11,6,13,10
0,0,0,/teams/events/match_report/?EventGameId=Nheu40UXPfPzcSZkgwqftdbINYwwEwSKxsPXiWxu1Ko%3d,Nightlock,Showdown,4,12,8,12
0,0,0,/teams/events/match_report/?EventGameId=It079kZxYbQYs9IkvB4KFzdaszdpHn4yRsNiOehdv9w%3d,Scandal,Phoenix,2,11,13,9
1,1,0,/teams/events/match_report/?EventGameId=It079kZxYbQYs9IkvB4KFzdaszdpHn4yRsNiOehdv9w%3d,Scandal,Phoenix,2,11,13,9
2,1,1,/teams/events/match_report/?EventGameId=It079kZxYbQYs9IkvB4KFzdaszdpHn4yRsNiOehdv9w%3d,Scandal,Phoenix,2,11,13,9
3,2,1,/teams/events/match_report/?EventGameId=It079kZxYbQYs9IkvB4KFzdaszdpHn4yRsNiOehdv9w%3d,Scandal,Phoenix,2,11,13,9
4,3,1,/teams/events/match_report/?EventGameId=It079kZxYbQYs9IkvB4KFzdaszdpHn4yRsNiOehdv9w%3d,Scandal,Phoenix,2,11,13,9
5,4,1,/teams/events/match_report/?EventGameId=It079kZxYbQYs9IkvB4KFzdaszdpHn4yRsNiOehdv9w%3d,Scandal,Phoenix,2,11,13,9
6,4,2,/teams/events/match_report/?EventGameId=It079kZxYbQYs9IkvB4KFzdaszdpHn4yRsNiOehdv9w%3d,Scandal,Phoenix,2,11,13,9
7,4,3,/teams/events/match_report/?EventGameId=It079kZxYbQYs9IkvB4KFzdaszdpHn4yRsNiOehdv9w%3d,Scandal,Phoenix,2,11,13,9
8,5,3,/teams/events/match_report/?EventGameId=It079kZxYbQYs9IkvB4KFzdaszdpHn4yRsNiOehdv9w%3d,Scandal,Phoenix,2,11,13,9
9,5,4,/teams/events/match_report/?EventGameId=It079kZxYbQYs9IkvB4KFzdaszdpHn4yRsNiOehdv9w%3d,Scandal,Phoenix,2,11,13,9
10,6,4,/teams/events/match_report/?EventGameId=It079kZxYbQYs9IkvB4KFzdaszdpHn4yRsNiOehdv9w%3d,Scandal,Phoenix,2,11,13,9
11,7,4,/teams/events/match_report/?EventGameId=It079kZxYbQYs9IkvB4KFzdaszdpHn4yRsNiOehdv9w%3d,Scandal,Phoenix,2,11,13,9
12,8,4,/teams/events/match_report/?EventGameId=It079kZxYbQYs9IkvB4KFzdaszdpHn4yRsNiOehdv9w%3d,Scandal,Phoenix,2,11,13,9
13,8,5,/teams/events/match_report/?EventGameId=It079kZxYbQYs9IkvB4KFzdaszdpHn4yRsNiOehdv9w%3d,Scandal,Phoenix,2,11,13,9
14,9,5,/teams/events/match_report/?EventGameId=It079kZxYbQYs9IkvB4KFzdaszdpHn4yRsNiOehdv9w%3d,Scandal,Phoenix,2,11,13,9
15,9,6,/teams/events/match_report/?EventGameId=It079kZxYbQYs9IkvB4KFzdaszdpHn4yRsNiOehdv9w%3d,Scandal,Phoenix,2,11,13,9
16,10,6,/teams/events/match_report/?EventGameId=It079kZxYbQYs9IkvB4KFzdaszdpHn4yRsNiOehdv9w%3d,Scandal,Phoenix,2,11,13,9
17,11,6,/teams/events/match_report/?EventGameId=It079kZxYbQYs9IkvB4KFzdaszdpHn4yRsNiOehdv9w%3d,Scandal,Phoenix,2,11,13,9
18,11,7,/teams/events/match_report/?EventGameId=It079kZxYbQYs9IkvB4KFzdaszdpHn4yRsNiOehdv9w%3d,Scandal,Phoenix,2,11,13,9
19,12,7,/teams/events/match_report/?EventGameId=It079kZxYbQYs9IkvB4KFzdaszdpHn4yRsNiOehdv9w%3d,Scandal,Phoenix,2,11,13,9
20,12,8,/teams/events/match_report/?EventGameId=It079kZxYbQYs9IkvB4KFzdaszdpHn4yRsNiOehdv9w%3d,Scandal,Phoenix,2,11,13,9
21,12,9,/teams/events/match_report/?EventGameId=It079kZxYbQYs9IkvB4KFzdaszdpHn4yRsNiOehdv9w%3d,Scandal,Phoenix,2,11,13,9
22,13,9,/teams/events/match_report/?EventGameId=It079kZxYbQYs9IkvB4KFzdaszdpHn4yRsNiOehdv9w%3d,Scandal,Phoenix,2,11,13,9
0,0,0,/teams/events/match_report/?EventGameId=t6D6OqzSTYENSV3Gb0wsx6ZaC9woOnaFQjUgXzbiRRY%3d,Nemesis,Heist,8,13,13,8
1,1,0,/teams/events/match_report/?EventGameId=t6D6OqzSTYENSV3Gb0wsx6ZaC9woOnaFQjUgXzbiRRY%3d,Nemesis,Heist,8,13,13,8
2,1,1,/teams/events/match_report/?EventGameId=t6D6OqzSTYENSV3Gb0wsx6ZaC9woOnaFQjUgXzbiRRY%3d,Nemesis,Heist,8,13,13,8
3,2,1,/teams/events/match_report/?EventGameId=t6D6OqzSTYENSV3Gb0wsx6ZaC9woOnaFQjUgXzbiRRY%3d,Nemesis,Heist,8,13,13,8
4,3,1,/teams/events/match_report/?EventGameId=t6D6OqzSTYENSV3Gb0wsx6ZaC9woOnaFQjUgXzbiRRY%3d,Nemesis,Heist,8,13,13,8
5,4,1,/teams/events/match_report/?EventGameId=t6D6OqzSTYENSV3Gb0wsx6ZaC9woOnaFQjUgXzbiRRY%3d,Nemesis,Heist,8,13,13,8
6,4,2,/teams/events/match_report/?EventGameId=t6D6OqzSTYENSV3Gb0wsx6ZaC9woOnaFQjUgXzbiRRY%3d,Nemesis,Heist,8,13,13,8
7,5,2,/teams/events/match_report/?EventGameId=t6D6OqzSTYENSV3Gb0wsx6ZaC9woOnaFQjUgXzbiRRY%3d,Nemesis,Heist,8,13,13,8
8,5,3,/teams/events/match_report/?EventGameId=t6D6OqzSTYENSV3Gb0wsx6ZaC9woOnaFQjUgXzbiRRY%3d,Nemesis,Heist,8,13,13,8
9,5,4,/teams/events/match_report/?EventGameId=t6D6OqzSTYENSV3Gb0wsx6ZaC9woOnaFQjUgXzbiRRY%3d,Nemesis,Heist,8,13,13,8
10,6,4,/teams/events/match_report/?EventGameId=t6D6OqzSTYENSV3Gb0wsx6ZaC9woOnaFQjUgXzbiRRY%3d,Nemesis,Heist,8,13,13,8
11,6,5,/teams/events/match_report/?EventGameId=t6D6OqzSTYENSV3Gb0wsx6ZaC9woOnaFQjUgXzbiRRY%3d,Nemesis,Heist,8,13,13,8
12,7,5,/teams/events/match_report/?EventGameId=t6D6OqzSTYENSV3Gb0wsx6ZaC9woOnaFQjUgXzbiRRY%3d,Nemesis,Heist,8,13,13,8
13,8,5,/teams/events/match_report/?EventGameId=t6D6OqzSTYENSV3Gb0wsx6ZaC9woOnaFQjUgXzbiRRY%3d,Nemesis,Heist,8,13,13,8
14,8,6,/teams/events/match_report/?EventGameId=t6D6OqzSTYENSV3Gb0wsx6ZaC9woOnaFQjUgXzbiRRY%3d,Nemesis,Heist,8,13,13,8
15,8,7,/teams/events/match_report/?EventGameId=t6D6OqzSTYENSV3Gb0wsx6ZaC9woOnaFQjUgXzbiRRY%3d,Nemesis,Heist,8,13,13,8
16,9,7,/teams/events/match_report/?EventGameId=t6D6OqzSTYENSV3Gb0wsx6ZaC9woOnaFQjUgXzbiRRY%3d,Nemesis,Heist,8,13,13,8
17,10,7,/teams/events/match_report/?EventGameId=t6D6OqzSTYENSV3Gb0wsx6ZaC9woOnaFQjUgXzbiRRY%3d,Nemesis,Heist,8,13,13,8
18,11,7,/teams/events/match_report/?EventGameId=t6D6OqzSTYENSV3Gb0wsx6ZaC9woOnaFQjUgXzbiRRY%3d,Nemesis,Heist,8,13,13,8
19,12,7,/teams/events/match_report/?EventGameId=t6D6OqzSTYENSV3Gb0wsx6ZaC9woOnaFQjUgXzbiRRY%3d,Nemesis,Heist,8,13,13,8
20,12,8,/teams/events/match_report/?EventGameId=t6D6OqzSTYENSV3Gb0wsx6ZaC9woOnaFQjUgXzbiRRY%3d,Nemesis,Heist,8,13,13,8
21,13,8,/teams/events/match_report/?EventGameId=t6D6OqzSTYENSV3Gb0wsx6ZaC9woOnaFQjUgXzbiRRY%3d,Nemesis,Heist,8,13,13,8
0,0,0,/teams/events/match_report/?EventGameId=i4vPfUyeGNO36KKak6BraZWQviCmK3POVO8Vl0BPe2U%3d,Scandal,Nemesis,2,8,13,6
0,0,0,/teams/events/match_report/?EventGameId=V0qcRfpWvk5VVfp4hBuxyn7RkCqOrmNrNOauII94z1s%3d,Pop,Wicked,9,15,12,9
0,0,0,/teams/events/match_report/?EventGameId=pIXvv3gVEjUuIwxQeBPD5U4E4%2bqqRTiZ9ncu1NtI2NU%3d,Grit,Colorado Small Batch,14,16,11,8
0,0,0,/teams/events/match_report/?EventGameId=Er5Aw2jKdNYWJBtVfkxnysnsqg5O2Jo0B8sMOladrPI%3d,Heist,Pop,13,9,8,9
0,0,0,/teams/events/match_report/?EventGameId=pUYfnZf%2bTBi0MorzIqvQIX8IG8ueWVwlD0xNr%2f8HDnw%3d,Schwa,Rival,5,10,10,9
0,0,0,/teams/events/match_report/?EventGameId=2TPLUctnHYu88CKHFC8DTScu%2f%2bzKF8v88ED8N3vWV7c%3d,Heist,Nightlock,13,4,6,13
0,0,0,/teams/events/match_report/?EventGameId=r9kFxRGi32zcYsDANEwuctzWbWc6OFAEJZHVkrAm3gk%3d,Pop,Colorado Small Batch,9,16,9,13
1,1,0,/teams/events/match_report/?EventGameId=r9kFxRGi32zcYsDANEwuctzWbWc6OFAEJZHVkrAm3gk%3d,Pop,Colorado Small Batch,9,16,9,13
2,2,0,/teams/events/match_report/?EventGameId=r9kFxRGi32zcYsDANEwuctzWbWc6OFAEJZHVkrAm3gk%3d,Pop,Colorado Small Batch,9,16,9,13
3,3,0,/teams/events/match_report/?EventGameId=r9kFxRGi32zcYsDANEwuctzWbWc6OFAEJZHVkrAm3gk%3d,Pop,Colorado Small Batch,9,16,9,13
4,4,0,/teams/events/match_report/?EventGameId=r9kFxRGi32zcYsDANEwuctzWbWc6OFAEJZHVkrAm3gk%3d,Pop,Colorado Small Batch,9,16,9,13
5,5,0,/teams/events/match_report/?EventGameId=r9kFxRGi32zcYsDANEwuctzWbWc6OFAEJZHVkrAm3gk%3d,Pop,Colorado Small Batch,9,16,9,13
6,6,0,/teams/events/match_report/?EventGameId=r9kFxRGi32zcYsDANEwuctzWbWc6OFAEJZHVkrAm3gk%3d,Pop,Colorado Small Batch,9,16,9,13
7,7,0,/teams/events/match_report/?EventGameId=r9kFxRGi32zcYsDANEwuctzWbWc6OFAEJZHVkrAm3gk%3d,Pop,Colorado Small Batch,9,16,9,13
8,7,1,/teams/events/match_report/?EventGameId=r9kFxRGi32zcYsDANEwuctzWbWc6OFAEJZHVkrAm3gk%3d,Pop,Colorado Small Batch,9,16,9,13
9,8,1,/teams/events/match_report/?EventGameId=r9kFxRGi32zcYsDANEwuctzWbWc6OFAEJZHVkrAm3gk%3d,Pop,Colorado Small Batch,9,16,9,13
10,9,1,/teams/events/match_report/?EventGameId=r9kFxRGi32zcYsDANEwuctzWbWc6OFAEJZHVkrAm3gk%3d,Pop,Colorado Small Batch,9,16,9,13
0,0,0,/teams/events/match_report/?EventGameId=AwlplUmbWtB1Z7moEoelvm8vsvGeuKMLIwNr7WRyjbo%3d,Molly Brown,Nemesis,1,8,13,6
1,1,0,/teams/events/match_report/?EventGameId=AwlplUmbWtB1Z7moEoelvm8vsvGeuKMLIwNr7WRyjbo%3d,Molly Brown,Nemesis,1,8,13,6
2,2,0,/teams/events/match_report/?EventGameId=AwlplUmbWtB1Z7moEoelvm8vsvGeuKMLIwNr7WRyjbo%3d,Molly Brown,Nemesis,1,8,13,6
3,2,1,/teams/events/match_report/?EventGameId=AwlplUmbWtB1Z7moEoelvm8vsvGeuKMLIwNr7WRyjbo%3d,Molly Brown,Nemesis,1,8,13,6
4,3,1,/teams/events/match_report/?EventGameId=AwlplUmbWtB1Z7moEoelvm8vsvGeuKMLIwNr7WRyjbo%3d,Molly Brown,Nemesis,1,8,13,6
5,3,2,/teams/events/match_report/?EventGameId=AwlplUmbWtB1Z7moEoelvm8vsvGeuKMLIwNr7WRyjbo%3d,Molly Brown,Nemesis,1,8,13,6
6,3,3,/teams/events/match_report/?EventGameId=AwlplUmbWtB1Z7moEoelvm8vsvGeuKMLIwNr7WRyjbo%3d,Molly Brown,Nemesis,1,8,13,6
7,4,3,/teams/events/match_report/?EventGameId=AwlplUmbWtB1Z7moEoelvm8vsvGeuKMLIwNr7WRyjbo%3d,Molly Brown,Nemesis,1,8,13,6
8,5,3,/teams/events/match_report/?EventGameId=AwlplUmbWtB1Z7moEoelvm8vsvGeuKMLIwNr7WRyjbo%3d,Molly Brown,Nemesis,1,8,13,6
9,6,3,/teams/events/match_report/?EventGameId=AwlplUmbWtB1Z7moEoelvm8vsvGeuKMLIwNr7WRyjbo%3d,Molly Brown,Nemesis,1,8,13,6
10,6,4,/teams/events/match_report/?EventGameId=AwlplUmbWtB1Z7moEoelvm8vsvGeuKMLIwNr7WRyjbo%3d,Molly Brown,Nemesis,1,8,13,6
11,7,4,/teams/events/match_report/?EventGameId=AwlplUmbWtB1Z7moEoelvm8vsvGeuKMLIwNr7WRyjbo%3d,Molly Brown,Nemesis,1,8,13,6
12,8,4,/teams/events/match_report/?EventGameId=AwlplUmbWtB1Z7moEoelvm8vsvGeuKMLIwNr7WRyjbo%3d,Molly Brown,Nemesis,1,8,13,6
13,8,5,/teams/events/match_report/?EventGameId=AwlplUmbWtB1Z7moEoelvm8vsvGeuKMLIwNr7WRyjbo%3d,Molly Brown,Nemesis,1,8,13,6
14,9,5,/teams/events/match_report/?EventGameId=AwlplUmbWtB1Z7moEoelvm8vsvGeuKMLIwNr7WRyjbo%3d,Molly Brown,Nemesis,1,8,13,6
15,9,6,/teams/events/match_report/?EventGameId=AwlplUmbWtB1Z7moEoelvm8vsvGeuKMLIwNr7WRyjbo%3d,Molly Brown,Nemesis,1,8,13,6
16,10,6,/teams/events/match_report/?EventGameId=AwlplUmbWtB1Z7moEoelvm8vsvGeuKMLIwNr7WRyjbo%3d,Molly Brown,Nemesis,1,8,13,6
17,11,6,/teams/events/match_report/?EventGameId=AwlplUmbWtB1Z7moEoelvm8vsvGeuKMLIwNr7WRyjbo%3d,Molly Brown,Nemesis,1,8,13,6
18,12,6,/teams/events/match_report/?EventGameId=AwlplUmbWtB1Z7moEoelvm8vsvGeuKMLIwNr7WRyjbo%3d,Molly Brown,Nemesis,1,8,13,6
19,13,6,/teams/events/match_report/?EventGameId=AwlplUmbWtB1Z7moEoelvm8vsvGeuKMLIwNr7WRyjbo%3d,Molly Brown,Nemesis,1,8,13,6
0,0,0,/teams/events/match_report/?EventGameId=PGYbBtE7Qesi1jjT%2b1UTrR9uVOWfORadCcABFbYATAU%3d,Wildfire,Wicked,7,15,11,7
0,0,0,/teams/events/match_report/?EventGameId=%2fJvX30SHhtXnY7svwYmsSD2rDBJI9s5Ub%2buCFK6ecF4%3d,Molly Brown,Phoenix,1,11,13,7
0,0,0,/teams/events/match_report/?EventGameId=C%2bch2s9zvbyVNah56QzBw17ORZPcSCf3GOS4uozpTco%3d,6ixers,Showdown,3,12,13,7
