,No.,Name,Position,Year,Height,Goals,Assists,Ds,Turns,url,Team,Seed,UpperName
0,1,Simon Higgins,Deep,,,6,4,3,2,/events/teams/?EventTeamId=%2bZCgn%2fTEQLdoP%2b84806m3d9BSOwjgnDprGQoNRm1h10%3d,Revolver,1,SIMON HIGGINS
1,2,Kevin Cocks,Defense (Cutter),,,0,2,2,2,/events/teams/?EventTeamId=%2bZCgn%2fTEQLdoP%2b84806m3d9BSOwjgnDprGQoNRm1h10%3d,Revolver,1,KEVIN COCKS
2,3,George Stubbs,Defense (Cutter/Handler),,,9,9,0,4,/events/teams/?EventTeamId=%2bZCgn%2fTEQLdoP%2b84806m3d9BSOwjgnDprGQoNRm1h10%3d,Revolver,1,GEORGE STUBBS
3,4,Joel Schlachet,Handler,,,11,4,1,2,/events/teams/?EventTeamId=%2bZCgn%2fTEQLdoP%2b84806m3d9BSOwjgnDprGQoNRm1h10%3d,Revolver,1,JOEL SCHLACHET
4,7,Russell Wynne,Defense (Cutter),,,1,6,1,1,/events/teams/?EventTeamId=%2bZCgn%2fTEQLdoP%2b84806m3d9BSOwjgnDprGQoNRm1h10%3d,Revolver,1,RUSSELL WYNNE
5,8,Patrick Baylis,Defense (Handler),,,0,0,2,1,/events/teams/?EventTeamId=%2bZCgn%2fTEQLdoP%2b84806m3d9BSOwjgnDprGQoNRm1h10%3d,Revolver,1,PATRICK BAYLIS
6,9,Cassidy Rasmussen,Mid,,,1,6,2,3,/events/teams/?EventTeamId=%2bZCgn%2fTEQLdoP%2b84806m3d9BSOwjgnDprGQoNRm1h10%3d,Revolver,1,CASSIDY RASMUSSEN
7,11,Zachary Travis,Defense (Cutter),,,1,0,2,0,/events/teams/?EventTeamId=%2bZCgn%2fTEQLdoP%2b84806m3d9BSOwjgnDprGQoNRm1h10%3d,Revolver,1,ZACHARY TRAVIS
8,12,Sam Kanner,Defense (Cutter),,,3,1,1,3,/events/teams/?EventTeamId=%2bZCgn%2fTEQLdoP%2b84806m3d9BSOwjgnDprGQoNRm1h10%3d,Revolver,1,SAM KANNER
9,14,Kenneth Justin Lim,Handler,,"5'10""",4,1,0,2,/events/teams/?EventTeamId=%2bZCgn%2fTEQLdoP%2b84806m3d9BSOwjgnDprGQoNRm1h10%3d,Revolver,1,KENNETH JUSTIN LIM
10,15,Michael Spear,Mid,,"5'9""",3,0,1,2,/events/teams/?EventTeamId=%2bZCgn%2fTEQLdoP%2b84806m3d9BSOwjgnDprGQoNRm1h10%3d,Revolver,1,MICHAEL SPEAR
11,17,Sawyer Thompson,Defense (Cutter),,"6'4""",5,0,2,2,/events/teams/?EventTeamId=%2bZCgn%2fTEQLdoP%2b84806m3d9BSOwjgnDprGQoNRm1h10%3d,Revolver,1,SAWYER THOMPSON
12,18,Gregory Cohen,Defense (Cutter),,,3,1,2,2,/events/teams/?EventTeamId=%2bZCgn%2fTEQLdoP%2b84806m3d9BSOwjgnDprGQoNRm1h10%3d,Revolver,1,GREGORY COHEN
13,22,Marcelo Sanchez,Deep,,,3,3,2,3,/events/teams/?EventTeamId=%2bZCgn%2fTEQLdoP%2b84806m3d9BSOwjgnDprGQoNRm1h10%3d,Revolver,1,MARCELO SANCHEZ
14,23,Antoine Davis,Defense (Cutter),,"6'2""",5,0,3,1,/events/teams/?EventTeamId=%2bZCgn%2fTEQLdoP%2b84806m3d9BSOwjgnDprGQoNRm1h10%3d,Revolver,1,ANTOINE DAVIS
15,24,Elijah Kerns,Defense (Cutter),,,5,3,0,5,/events/teams/?EventTeamId=%2bZCgn%2fTEQLdoP%2b84806m3d9BSOwjgnDprGQoNRm1h10%3d,Revolver,1,ELIJAH KERNS
16,25,Nick Stuart,,,,4,4,9,3,/events/teams/?EventTeamId=%2bZCgn%2fTEQLdoP%2b84806m3d9BSOwjgnDprGQoNRm1h10%3d,Revolver,1,NICK STUART
17,26,Grant Lindsley,Mid,,,2,7,0,2,/events/teams/?EventTeamId=%2bZCgn%2fTEQLdoP%2b84806m3d9BSOwjgnDprGQoNRm1h10%3d,Revolver,1,GRANT LINDSLEY
18,27,Ashlin Joye,,,,1,11,3,12,/events/teams/?EventTeamId=%2bZCgn%2fTEQLdoP%2b84806m3d9BSOwjgnDprGQoNRm1h10%3d,Revolver,1,ASHLIN JOYE
19,28,Nathan White,Handler,,,1,5,3,6,/events/teams/?EventTeamId=%2bZCgn%2fTEQLdoP%2b84806m3d9BSOwjgnDprGQoNRm1h10%3d,Revolver,1,NATHAN WHITE
20,29,Christian Johnson,Deep,,"6'2""",2,1,3,0,/events/teams/?EventTeamId=%2bZCgn%2fTEQLdoP%2b84806m3d9BSOwjgnDprGQoNRm1h10%3d,Revolver,1,CHRISTIAN JOHNSON
21,32,Jordan Marcy,Defense (Handler),,,3,1,1,0,/events/teams/?EventTeamId=%2bZCgn%2fTEQLdoP%2b84806m3d9BSOwjgnDprGQoNRm1h10%3d,Revolver,1,JORDAN MARCY
22,35,Lucas Dallmann,Defense (Cutter),,,6,5,2,3,/events/teams/?EventTeamId=%2bZCgn%2fTEQLdoP%2b84806m3d9BSOwjgnDprGQoNRm1h10%3d,Revolver,1,LUCAS DALLMANN
23,50,Beaufort Kittredge,Mid,,,5,4,0,1,/events/teams/?EventTeamId=%2bZCgn%2fTEQLdoP%2b84806m3d9BSOwjgnDprGQoNRm1h10%3d,Revolver,1,BEAUFORT KITTREDGE
24,53,Eli Friedman,,,"5'10""",1,4,0,1,/events/teams/?EventTeamId=%2bZCgn%2fTEQLdoP%2b84806m3d9BSOwjgnDprGQoNRm1h10%3d,Revolver,1,ELI FRIEDMAN
25,88,Byron Liu,Defense (Cutter),,"5'9""",3,2,1,3,/events/teams/?EventTeamId=%2bZCgn%2fTEQLdoP%2b84806m3d9BSOwjgnDprGQoNRm1h10%3d,Revolver,1,BYRON LIU
26,93,Tom Doi,Mid,,"5'10""",0,3,1,2,/events/teams/?EventTeamId=%2bZCgn%2fTEQLdoP%2b84806m3d9BSOwjgnDprGQoNRm1h10%3d,Revolver,1,TOM DOI
0,0,Brandon Malecek,Handler,,"5'10""",1,6,1,8,/events/teams/?EventTeamId=f9M7lDYOJLcdrI1J9jnVoEyLyGeOp1A4bSkkDcI9GOk%3d,Doublewide,12,BRANDON MALECEK
1,1,Jason Holleran,Deep,,"6'3""",1,1,0,1,/events/teams/?EventTeamId=f9M7lDYOJLcdrI1J9jnVoEyLyGeOp1A4bSkkDcI9GOk%3d,Doublewide,12,JASON HOLLERAN
2,2,Matthew Bennett,Handler,,"5'8""",3,9,2,11,/events/teams/?EventTeamId=f9M7lDYOJLcdrI1J9jnVoEyLyGeOp1A4bSkkDcI9GOk%3d,Doublewide,12,MATTHEW BENNETT
3,4,Jay Froude,,,,10,10,4,8,/events/teams/?EventTeamId=f9M7lDYOJLcdrI1J9jnVoEyLyGeOp1A4bSkkDcI9GOk%3d,Doublewide,12,JAY FROUDE
4,5,Jeff Loskorn,,,,1,4,1,6,/events/teams/?EventTeamId=f9M7lDYOJLcdrI1J9jnVoEyLyGeOp1A4bSkkDcI9GOk%3d,Doublewide,12,JEFF LOSKORN
5,6,Michael Matthis,Defense (Cutter),,"5'10""",4,3,1,2,/events/teams/?EventTeamId=f9M7lDYOJLcdrI1J9jnVoEyLyGeOp1A4bSkkDcI9GOk%3d,Doublewide,12,MICHAEL MATTHIS
6,7,Benjamin Lewis,Cutter,,"6'2""",3,0,2,3,/events/teams/?EventTeamId=f9M7lDYOJLcdrI1J9jnVoEyLyGeOp1A4bSkkDcI9GOk%3d,Doublewide,12,BENJAMIN LEWIS
7,8,Abe Coffin,Handler/Cutter,,,5,10,1,7,/events/teams/?EventTeamId=f9M7lDYOJLcdrI1J9jnVoEyLyGeOp1A4bSkkDcI9GOk%3d,Doublewide,12,ABE COFFIN
8,10,Kaplan Maurer,,,,2,3,7,4,/events/teams/?EventTeamId=f9M7lDYOJLcdrI1J9jnVoEyLyGeOp1A4bSkkDcI9GOk%3d,Doublewide,12,KAPLAN MAURER
9,11,Robert Lewis,,,"5'8""",0,0,0,1,/events/teams/?EventTeamId=f9M7lDYOJLcdrI1J9jnVoEyLyGeOp1A4bSkkDcI9GOk%3d,Doublewide,12,ROBERT LEWIS
10,12,Andrew Walch,,,,3,1,5,0,/events/teams/?EventTeamId=f9M7lDYOJLcdrI1J9jnVoEyLyGeOp1A4bSkkDcI9GOk%3d,Doublewide,12,ANDREW WALCH
11,13,Dalton Smith,Defense (Handler),,"5'10""",7,12,2,12,/events/teams/?EventTeamId=f9M7lDYOJLcdrI1J9jnVoEyLyGeOp1A4bSkkDcI9GOk%3d,Doublewide,12,DALTON SMITH
12,14,Carter Hollo,,,,2,1,1,1,/events/teams/?EventTeamId=f9M7lDYOJLcdrI1J9jnVoEyLyGeOp1A4bSkkDcI9GOk%3d,Doublewide,12,CARTER HOLLO
13,15,"Sam ""Suds"" Ward",Dump,,"5'7""",1,0,1,1,/events/teams/?EventTeamId=f9M7lDYOJLcdrI1J9jnVoEyLyGeOp1A4bSkkDcI9GOk%3d,Doublewide,12,"SAM ""SUDS"" WARD"
14,17,Chris Larberg,,,,2,0,1,2,/events/teams/?EventTeamId=f9M7lDYOJLcdrI1J9jnVoEyLyGeOp1A4bSkkDcI9GOk%3d,Doublewide,12,CHRIS LARBERG
15,18,Daniel Emmons,Defense (Cutter),,"6'5""",5,3,4,2,/events/teams/?EventTeamId=f9M7lDYOJLcdrI1J9jnVoEyLyGeOp1A4bSkkDcI9GOk%3d,Doublewide,12,DANIEL EMMONS
16,19,Ethan Pollack,,,,5,1,2,3,/events/teams/?EventTeamId=f9M7lDYOJLcdrI1J9jnVoEyLyGeOp1A4bSkkDcI9GOk%3d,Doublewide,12,ETHAN POLLACK
17,20,Chase Cunningham,Handler/Cutter,,"6'3""",11,9,2,6,/events/teams/?EventTeamId=f9M7lDYOJLcdrI1J9jnVoEyLyGeOp1A4bSkkDcI9GOk%3d,Doublewide,12,CHASE CUNNINGHAM
18,22,Zach Marbach,Defense (Cutter),,"5'11""",3,0,1,2,/events/teams/?EventTeamId=f9M7lDYOJLcdrI1J9jnVoEyLyGeOp1A4bSkkDcI9GOk%3d,Doublewide,12,ZACH MARBACH
19,23,Gabriel Hernandez,Defense (Cutter/Handler),,"6'0""",0,2,1,1,/events/teams/?EventTeamId=f9M7lDYOJLcdrI1J9jnVoEyLyGeOp1A4bSkkDcI9GOk%3d,Doublewide,12,GABRIEL HERNANDEZ
20,24,Rory Orloff,,,,7,1,1,0,/events/teams/?EventTeamId=f9M7lDYOJLcdrI1J9jnVoEyLyGeOp1A4bSkkDcI9GOk%3d,Doublewide,12,RORY ORLOFF
21,25,Brendan Adams,Defense (Cutter/Handler),,"6'1""",1,1,0,1,/events/teams/?EventTeamId=f9M7lDYOJLcdrI1J9jnVoEyLyGeOp1A4bSkkDcI9GOk%3d,Doublewide,12,BRENDAN ADAMS
22,31,Kai Marshall,Deep,,"6'5""",5,7,2,7,/events/teams/?EventTeamId=f9M7lDYOJLcdrI1J9jnVoEyLyGeOp1A4bSkkDcI9GOk%3d,Doublewide,12,KAI MARSHALL
23,40,Andrew Lord,Defense (Handler),,"5'10""",0,0,0,0,/events/teams/?EventTeamId=f9M7lDYOJLcdrI1J9jnVoEyLyGeOp1A4bSkkDcI9GOk%3d,Doublewide,12,ANDREW LORD
24,83,Mitchell Bennett,,,"5'9""",5,3,3,4,/events/teams/?EventTeamId=f9M7lDYOJLcdrI1J9jnVoEyLyGeOp1A4bSkkDcI9GOk%3d,Doublewide,12,MITCHELL BENNETT
0,0,Jordan O'Neill,,,,11,5,0,2,/events/teams/?EventTeamId=5AbtM%2fyVrbGILGuwpeOoMcXa8AH3CEbOlgF7BYvWUFs%3d,HIGH FIVE,8,JORDAN O'NEILL
1,1,Alex Edinger,Handler,,"5'10""",0,0,1,1,/events/teams/?EventTeamId=5AbtM%2fyVrbGILGuwpeOoMcXa8AH3CEbOlgF7BYvWUFs%3d,HIGH FIVE,8,ALEX EDINGER
2,2,Tyler Kinley,,,,0,1,0,0,/events/teams/?EventTeamId=5AbtM%2fyVrbGILGuwpeOoMcXa8AH3CEbOlgF7BYvWUFs%3d,HIGH FIVE,8,TYLER KINLEY
3,3,Jeffrey Brauning,,,,1,0,1,0,/events/teams/?EventTeamId=5AbtM%2fyVrbGILGuwpeOoMcXa8AH3CEbOlgF7BYvWUFs%3d,HIGH FIVE,8,JEFFREY BRAUNING
4,4,Eric Schumacher,,,"6'1""",6,2,0,3,/events/teams/?EventTeamId=5AbtM%2fyVrbGILGuwpeOoMcXa8AH3CEbOlgF7BYvWUFs%3d,HIGH FIVE,8,ERIC SCHUMACHER
5,6,Kevin Coulter,Deep,,"6'2""",6,8,0,0,/events/teams/?EventTeamId=5AbtM%2fyVrbGILGuwpeOoMcXa8AH3CEbOlgF7BYvWUFs%3d,HIGH FIVE,8,KEVIN COULTER
6,8,Dan Donovan,Handler,,"6'1""",2,5,3,2,/events/teams/?EventTeamId=5AbtM%2fyVrbGILGuwpeOoMcXa8AH3CEbOlgF7BYvWUFs%3d,HIGH FIVE,8,DAN DONOVAN
7,9,Michael Meilstrup,,,"1'0""",3,1,0,0,/events/teams/?EventTeamId=5AbtM%2fyVrbGILGuwpeOoMcXa8AH3CEbOlgF7BYvWUFs%3d,HIGH FIVE,8,MICHAEL MEILSTRUP
8,10,David Bentrovato,,,,0,1,1,1,/events/teams/?EventTeamId=5AbtM%2fyVrbGILGuwpeOoMcXa8AH3CEbOlgF7BYvWUFs%3d,HIGH FIVE,8,DAVID BENTROVATO
9,11,Jordan Rhyne,,,,12,12,2,9,/events/teams/?EventTeamId=5AbtM%2fyVrbGILGuwpeOoMcXa8AH3CEbOlgF7BYvWUFs%3d,HIGH FIVE,8,JORDAN RHYNE
10,12,Mitch Cihon,,,"5'10""",6,2,0,2,/events/teams/?EventTeamId=5AbtM%2fyVrbGILGuwpeOoMcXa8AH3CEbOlgF7BYvWUFs%3d,HIGH FIVE,8,MITCH CIHON
11,16,Michael Burke,Defense (Cutter),,"1'0""",2,0,1,0,/events/teams/?EventTeamId=5AbtM%2fyVrbGILGuwpeOoMcXa8AH3CEbOlgF7BYvWUFs%3d,HIGH FIVE,8,MICHAEL BURKE
12,17,Keegan North,,,"6'1""",4,4,4,5,/events/teams/?EventTeamId=5AbtM%2fyVrbGILGuwpeOoMcXa8AH3CEbOlgF7BYvWUFs%3d,HIGH FIVE,8,KEEGAN NORTH
13,19,Paul Arters,Handler,,"6'0""",3,13,6,13,/events/teams/?EventTeamId=5AbtM%2fyVrbGILGuwpeOoMcXa8AH3CEbOlgF7BYvWUFs%3d,HIGH FIVE,8,PAUL ARTERS
14,20,Sam Greenwood,Mid,,"6'2""",2,1,2,3,/events/teams/?EventTeamId=5AbtM%2fyVrbGILGuwpeOoMcXa8AH3CEbOlgF7BYvWUFs%3d,HIGH FIVE,8,SAM GREENWOOD
15,22,Michael Dagher-Margosian,,,"5'7""",0,1,1,2,/events/teams/?EventTeamId=5AbtM%2fyVrbGILGuwpeOoMcXa8AH3CEbOlgF7BYvWUFs%3d,HIGH FIVE,8,MICHAEL DAGHER-MARGOSIAN
16,23,Alex Kapiamba,,,,1,1,0,2,/events/teams/?EventTeamId=5AbtM%2fyVrbGILGuwpeOoMcXa8AH3CEbOlgF7BYvWUFs%3d,HIGH FIVE,8,ALEX KAPIAMBA
17,25,Jake Steslicki,,,"6'1""",3,0,1,0,/events/teams/?EventTeamId=5AbtM%2fyVrbGILGuwpeOoMcXa8AH3CEbOlgF7BYvWUFs%3d,HIGH FIVE,8,JAKE STESLICKI
18,27,Alexander Russomanno,,,,1,2,1,2,/events/teams/?EventTeamId=5AbtM%2fyVrbGILGuwpeOoMcXa8AH3CEbOlgF7BYvWUFs%3d,HIGH FIVE,8,ALEXANDER RUSSOMANNO
19,41,Daniel Lee,,,"6'1""",3,0,3,1,/events/teams/?EventTeamId=5AbtM%2fyVrbGILGuwpeOoMcXa8AH3CEbOlgF7BYvWUFs%3d,HIGH FIVE,8,DANIEL LEE
20,42,Mike Ogren,,,,3,5,0,5,/events/teams/?EventTeamId=5AbtM%2fyVrbGILGuwpeOoMcXa8AH3CEbOlgF7BYvWUFs%3d,HIGH FIVE,8,MIKE OGREN
21,45,Kevin Baumann,Cutter,,"6'1""",1,2,2,5,/events/teams/?EventTeamId=5AbtM%2fyVrbGILGuwpeOoMcXa8AH3CEbOlgF7BYvWUFs%3d,HIGH FIVE,8,KEVIN BAUMANN
22,47,Phil Cherosky,Handler,,"5'10""",1,5,0,5,/events/teams/?EventTeamId=5AbtM%2fyVrbGILGuwpeOoMcXa8AH3CEbOlgF7BYvWUFs%3d,HIGH FIVE,8,PHIL CHEROSKY
23,55,Johnny Bansfield,Handler/Cutter,,"5'10""",5,9,4,9,/events/teams/?EventTeamId=5AbtM%2fyVrbGILGuwpeOoMcXa8AH3CEbOlgF7BYvWUFs%3d,HIGH FIVE,8,JOHNNY BANSFIELD
24,71,Jacob Turner,Defense (Handler),,"5'10""",0,0,0,0,/events/teams/?EventTeamId=5AbtM%2fyVrbGILGuwpeOoMcXa8AH3CEbOlgF7BYvWUFs%3d,HIGH FIVE,8,JACOB TURNER
25,77,James Highsmith,Cutter,,"6'1""",2,0,1,1,/events/teams/?EventTeamId=5AbtM%2fyVrbGILGuwpeOoMcXa8AH3CEbOlgF7BYvWUFs%3d,HIGH FIVE,8,JAMES HIGHSMITH
26,91,Joe White,Deep,,"5'11""",7,5,4,4,/events/teams/?EventTeamId=5AbtM%2fyVrbGILGuwpeOoMcXa8AH3CEbOlgF7BYvWUFs%3d,HIGH FIVE,8,JOE WHITE
0,0,Nicholas Ladas,,,,1,0,0,0,/events/teams/?EventTeamId=tP3mBx271JUTXncCZeIllehP1mMURqdT5QQwl3noWjw%3d,Sub Zero,13,NICHOLAS LADAS
1,1,Ryan Osgar,Cutter,,"6'1""",3,8,2,7,/events/teams/?EventTeamId=tP3mBx271JUTXncCZeIllehP1mMURqdT5QQwl3noWjw%3d,Sub Zero,13,RYAN OSGAR
2,2,Ben Feldman,Defense (Cutter),,,0,2,1,3,/events/teams/?EventTeamId=tP3mBx271JUTXncCZeIllehP1mMURqdT5QQwl3noWjw%3d,Sub Zero,13,BEN FELDMAN
3,3,Colin Berry,Defense (Cutter),,"6'3""",7,1,3,3,/events/teams/?EventTeamId=tP3mBx271JUTXncCZeIllehP1mMURqdT5QQwl3noWjw%3d,Sub Zero,13,COLIN BERRY
4,4,Gregory Cousins,Cutter,,"5'10""",7,4,1,3,/events/teams/?EventTeamId=tP3mBx271JUTXncCZeIllehP1mMURqdT5QQwl3noWjw%3d,Sub Zero,13,GREGORY COUSINS
5,5,Charles McCutcheon,Defense (Cutter),,"1'0""",2,0,4,0,/events/teams/?EventTeamId=tP3mBx271JUTXncCZeIllehP1mMURqdT5QQwl3noWjw%3d,Sub Zero,13,CHARLES MCCUTCHEON
6,6,Ethan Rasmussen,Cutter,,,1,2,1,1,/events/teams/?EventTeamId=tP3mBx271JUTXncCZeIllehP1mMURqdT5QQwl3noWjw%3d,Sub Zero,13,ETHAN RASMUSSEN
7,8,Cole Wallin,Mid,,"7'8""",7,2,1,1,/events/teams/?EventTeamId=tP3mBx271JUTXncCZeIllehP1mMURqdT5QQwl3noWjw%3d,Sub Zero,13,COLE WALLIN
8,10,Josh Klane,Handler,,"5'9""",2,6,0,8,/events/teams/?EventTeamId=tP3mBx271JUTXncCZeIllehP1mMURqdT5QQwl3noWjw%3d,Sub Zero,13,JOSH KLANE
9,12,Grayson Pangburn,Defense (Cutter),,,0,0,2,1,/events/teams/?EventTeamId=tP3mBx271JUTXncCZeIllehP1mMURqdT5QQwl3noWjw%3d,Sub Zero,13,GRAYSON PANGBURN
10,13,Tony Poletto,Defense (Handler),,"6'9""",1,5,1,5,/events/teams/?EventTeamId=tP3mBx271JUTXncCZeIllehP1mMURqdT5QQwl3noWjw%3d,Sub Zero,13,TONY POLETTO
11,15,Logan Weiss,Defense (Cutter),,"6'0""",0,0,0,0,/events/teams/?EventTeamId=tP3mBx271JUTXncCZeIllehP1mMURqdT5QQwl3noWjw%3d,Sub Zero,13,LOGAN WEISS
12,21,Eric Johnson,Cutter,,,3,8,1,3,/events/teams/?EventTeamId=tP3mBx271JUTXncCZeIllehP1mMURqdT5QQwl3noWjw%3d,Sub Zero,13,ERIC JOHNSON
13,23,Michael (Mike) Petersen,Cutter,,"6'1""",1,6,3,1,/events/teams/?EventTeamId=tP3mBx271JUTXncCZeIllehP1mMURqdT5QQwl3noWjw%3d,Sub Zero,13,MICHAEL (MIKE) PETERSEN
14,26,Jack Lokowich,Cutter,,"5'5""",0,0,0,1,/events/teams/?EventTeamId=tP3mBx271JUTXncCZeIllehP1mMURqdT5QQwl3noWjw%3d,Sub Zero,13,JACK LOKOWICH
15,33,Connor Anderson,Defense (Cutter),,,4,1,1,1,/events/teams/?EventTeamId=tP3mBx271JUTXncCZeIllehP1mMURqdT5QQwl3noWjw%3d,Sub Zero,13,CONNOR ANDERSON
16,41,Sam Bumsted,Handler/Cutter,,"6'0""",2,2,0,3,/events/teams/?EventTeamId=tP3mBx271JUTXncCZeIllehP1mMURqdT5QQwl3noWjw%3d,Sub Zero,13,SAM BUMSTED
17,42,Matt Burkhardt,Handler,,"6'2""",1,1,2,4,/events/teams/?EventTeamId=tP3mBx271JUTXncCZeIllehP1mMURqdT5QQwl3noWjw%3d,Sub Zero,13,MATT BURKHARDT
18,48,Wyatt Mekler,Handler,,"1'0""",4,6,0,3,/events/teams/?EventTeamId=tP3mBx271JUTXncCZeIllehP1mMURqdT5QQwl3noWjw%3d,Sub Zero,13,WYATT MEKLER
19,49,Caleb Denecour,Cutter,,"5'9""",8,3,4,4,/events/teams/?EventTeamId=tP3mBx271JUTXncCZeIllehP1mMURqdT5QQwl3noWjw%3d,Sub Zero,13,CALEB DENECOUR
20,54,Dylan DeClerck,Defense (Cutter),,"6'1""",3,0,3,1,/events/teams/?EventTeamId=tP3mBx271JUTXncCZeIllehP1mMURqdT5QQwl3noWjw%3d,Sub Zero,13,DYLAN DECLERCK
21,66,Jason Tschida,Handler,,,6,14,2,11,/events/teams/?EventTeamId=tP3mBx271JUTXncCZeIllehP1mMURqdT5QQwl3noWjw%3d,Sub Zero,13,JASON TSCHIDA
22,71,Nicholas Simonelli,Cutter,,"6'0""",7,6,0,7,/events/teams/?EventTeamId=tP3mBx271JUTXncCZeIllehP1mMURqdT5QQwl3noWjw%3d,Sub Zero,13,NICHOLAS SIMONELLI
23,77,Elliot Trotter,Handler,,,1,1,1,5,/events/teams/?EventTeamId=tP3mBx271JUTXncCZeIllehP1mMURqdT5QQwl3noWjw%3d,Sub Zero,13,ELLIOT TROTTER
24,81,Andrew Otterlei,Handler,,,1,0,0,1,/events/teams/?EventTeamId=tP3mBx271JUTXncCZeIllehP1mMURqdT5QQwl3noWjw%3d,Sub Zero,13,ANDREW OTTERLEI
25,88,Charles Weinberg,Cutter,,"6'0""",5,6,1,2,/events/teams/?EventTeamId=tP3mBx271JUTXncCZeIllehP1mMURqdT5QQwl3noWjw%3d,Sub Zero,13,CHARLES WEINBERG
26,99,Tristan Van De Moortele,Handler,,"5'9""",0,0,2,3,/events/teams/?EventTeamId=tP3mBx271JUTXncCZeIllehP1mMURqdT5QQwl3noWjw%3d,Sub Zero,13,TRISTAN VAN DE MOORTELE
0,2,Jeremy Langdon,Deep,,"6'2""",9,6,7,10,/events/teams/?EventTeamId=mG2qe7mI%2fJuBptz%2f61%2fWU%2fChQOnqV%2f646S8h1qOM0mY%3d,Florida United,11,JEREMY LANGDON
1,3,James Dahl,Handler,,"5'10""",0,2,0,5,/events/teams/?EventTeamId=mG2qe7mI%2fJuBptz%2f61%2fWU%2fChQOnqV%2f646S8h1qOM0mY%3d,Florida United,11,JAMES DAHL
2,4,Bradley Seuntjens,,,"6'1""",4,0,2,0,/events/teams/?EventTeamId=mG2qe7mI%2fJuBptz%2f61%2fWU%2fChQOnqV%2f646S8h1qOM0mY%3d,Florida United,11,BRADLEY SEUNTJENS
3,5,Michael Fairley,Mid,,"6'4""",7,1,4,3,/events/teams/?EventTeamId=mG2qe7mI%2fJuBptz%2f61%2fWU%2fChQOnqV%2f646S8h1qOM0mY%3d,Florida United,11,MICHAEL FAIRLEY
4,6,Michael Fioramonti,Cutter,,"5'11""",0,0,0,4,/events/teams/?EventTeamId=mG2qe7mI%2fJuBptz%2f61%2fWU%2fChQOnqV%2f646S8h1qOM0mY%3d,Florida United,11,MICHAEL FIORAMONTI
5,7,Ryan Hiser,Defense (Cutter),,"5'10""",0,0,1,3,/events/teams/?EventTeamId=mG2qe7mI%2fJuBptz%2f61%2fWU%2fChQOnqV%2f646S8h1qOM0mY%3d,Florida United,11,RYAN HISER
6,8,Tyler Kunsa,Defense (Handler),,,4,6,0,12,/events/teams/?EventTeamId=mG2qe7mI%2fJuBptz%2f61%2fWU%2fChQOnqV%2f646S8h1qOM0mY%3d,Florida United,11,TYLER KUNSA
7,9,Bobby Ley,,,,4,3,1,3,/events/teams/?EventTeamId=mG2qe7mI%2fJuBptz%2f61%2fWU%2fChQOnqV%2f646S8h1qOM0mY%3d,Florida United,11,BOBBY LEY
8,10,Andrew Roney,,,,0,0,0,0,/events/teams/?EventTeamId=mG2qe7mI%2fJuBptz%2f61%2fWU%2fChQOnqV%2f646S8h1qOM0mY%3d,Florida United,11,ANDREW RONEY
9,11,Mischa Freystaetter,,,,14,17,5,7,/events/teams/?EventTeamId=mG2qe7mI%2fJuBptz%2f61%2fWU%2fChQOnqV%2f646S8h1qOM0mY%3d,Florida United,11,MISCHA FREYSTAETTER
10,12,Travis Catron,,,,4,0,2,5,/events/teams/?EventTeamId=mG2qe7mI%2fJuBptz%2f61%2fWU%2fChQOnqV%2f646S8h1qOM0mY%3d,Florida United,11,TRAVIS CATRON
11,13,Alton Gaines,,,,1,2,1,4,/events/teams/?EventTeamId=mG2qe7mI%2fJuBptz%2f61%2fWU%2fChQOnqV%2f646S8h1qOM0mY%3d,Florida United,11,ALTON GAINES
12,14,Cole Sullivan,,,,3,10,2,8,/events/teams/?EventTeamId=mG2qe7mI%2fJuBptz%2f61%2fWU%2fChQOnqV%2f646S8h1qOM0mY%3d,Florida United,11,COLE SULLIVAN
13,15,Dustin Travaglini,,,,0,1,1,4,/events/teams/?EventTeamId=mG2qe7mI%2fJuBptz%2f61%2fWU%2fChQOnqV%2f646S8h1qOM0mY%3d,Florida United,11,DUSTIN TRAVAGLINI
14,18,Christopher Larocque,,,"6'2""",2,9,0,6,/events/teams/?EventTeamId=mG2qe7mI%2fJuBptz%2f61%2fWU%2fChQOnqV%2f646S8h1qOM0mY%3d,Florida United,11,CHRISTOPHER LAROCQUE
15,23,Billy O'Bryan,Defense (Cutter/Handler),,"1'0""",3,2,1,2,/events/teams/?EventTeamId=mG2qe7mI%2fJuBptz%2f61%2fWU%2fChQOnqV%2f646S8h1qOM0mY%3d,Florida United,11,BILLY O'BRYAN
16,27,Connor Holcombe,,,,2,0,2,1,/events/teams/?EventTeamId=mG2qe7mI%2fJuBptz%2f61%2fWU%2fChQOnqV%2f646S8h1qOM0mY%3d,Florida United,11,CONNOR HOLCOMBE
17,28,Josh McKisic,Defense (Cutter/Handler),,"5'11""",0,0,0,0,/events/teams/?EventTeamId=mG2qe7mI%2fJuBptz%2f61%2fWU%2fChQOnqV%2f646S8h1qOM0mY%3d,Florida United,11,JOSH MCKISIC
18,30,Chris Gibson,,,,3,1,1,2,/events/teams/?EventTeamId=mG2qe7mI%2fJuBptz%2f61%2fWU%2fChQOnqV%2f646S8h1qOM0mY%3d,Florida United,11,CHRIS GIBSON
19,32,Brian Casey,,,"5'11""",0,0,0,2,/events/teams/?EventTeamId=mG2qe7mI%2fJuBptz%2f61%2fWU%2fChQOnqV%2f646S8h1qOM0mY%3d,Florida United,11,BRIAN CASEY
20,33,Mark Lin,Handler/Cutter,,"6'0""",1,1,0,0,/events/teams/?EventTeamId=mG2qe7mI%2fJuBptz%2f61%2fWU%2fChQOnqV%2f646S8h1qOM0mY%3d,Florida United,11,MARK LIN
21,36,Stephen Muir,,,"5'8""",1,0,1,1,/events/teams/?EventTeamId=mG2qe7mI%2fJuBptz%2f61%2fWU%2fChQOnqV%2f646S8h1qOM0mY%3d,Florida United,11,STEPHEN MUIR
22,37,Nathan Vickroy,Cutter,,"5'11""",1,2,1,0,/events/teams/?EventTeamId=mG2qe7mI%2fJuBptz%2f61%2fWU%2fChQOnqV%2f646S8h1qOM0mY%3d,Florida United,11,NATHAN VICKROY
23,39,Jordan Huston,,,,1,0,0,4,/events/teams/?EventTeamId=mG2qe7mI%2fJuBptz%2f61%2fWU%2fChQOnqV%2f646S8h1qOM0mY%3d,Florida United,11,JORDAN HUSTON
24,75,Ryan Chard,,,,1,1,1,1,/events/teams/?EventTeamId=mG2qe7mI%2fJuBptz%2f61%2fWU%2fChQOnqV%2f646S8h1qOM0mY%3d,Florida United,11,RYAN CHARD
0,1,Markian Kuzmowycz,Mid,,"5'7""",7,1,0,4,/events/teams/?EventTeamId=r6OJCCtJaBVUW0U5Z8vjHPtZ1vWTV%2f6A1qYzACP8eZg%3d,PoNY,14,MARKIAN KUZMOWYCZ
1,2,Sean Keegan,,,"5'11""",4,4,1,11,/events/teams/?EventTeamId=r6OJCCtJaBVUW0U5Z8vjHPtZ1vWTV%2f6A1qYzACP8eZg%3d,PoNY,14,SEAN KEEGAN
2,5,John Best,Handler,,"6'0""",0,0,1,0,/events/teams/?EventTeamId=r6OJCCtJaBVUW0U5Z8vjHPtZ1vWTV%2f6A1qYzACP8eZg%3d,PoNY,14,JOHN BEST
3,6,Michael Brenner,Handler,,,6,2,2,1,/events/teams/?EventTeamId=r6OJCCtJaBVUW0U5Z8vjHPtZ1vWTV%2f6A1qYzACP8eZg%3d,PoNY,14,MICHAEL BRENNER
4,7,Clark Cofer,Handler,,"6'0""",5,4,1,2,/events/teams/?EventTeamId=r6OJCCtJaBVUW0U5Z8vjHPtZ1vWTV%2f6A1qYzACP8eZg%3d,PoNY,14,CLARK COFER
5,8,Harper Garvey,Deep,,"5'10""",7,20,1,21,/events/teams/?EventTeamId=r6OJCCtJaBVUW0U5Z8vjHPtZ1vWTV%2f6A1qYzACP8eZg%3d,PoNY,14,HARPER GARVEY
6,9,Samuel Little,,,,6,11,4,8,/events/teams/?EventTeamId=r6OJCCtJaBVUW0U5Z8vjHPtZ1vWTV%2f6A1qYzACP8eZg%3d,PoNY,14,SAMUEL LITTLE
7,10,Matt Hennessy,Mid,,,0,0,0,0,/events/teams/?EventTeamId=r6OJCCtJaBVUW0U5Z8vjHPtZ1vWTV%2f6A1qYzACP8eZg%3d,PoNY,14,MATT HENNESSY
8,10,Gerald Tigol,,,,1,0,0,1,/events/teams/?EventTeamId=r6OJCCtJaBVUW0U5Z8vjHPtZ1vWTV%2f6A1qYzACP8eZg%3d,PoNY,14,GERALD TIGOL
9,12,Matthew Lemar,,,,1,2,0,5,/events/teams/?EventTeamId=r6OJCCtJaBVUW0U5Z8vjHPtZ1vWTV%2f6A1qYzACP8eZg%3d,PoNY,14,MATTHEW LEMAR
10,13,Alberto Alarcon,Defense (Cutter),,,0,2,1,1,/events/teams/?EventTeamId=r6OJCCtJaBVUW0U5Z8vjHPtZ1vWTV%2f6A1qYzACP8eZg%3d,PoNY,14,ALBERTO ALARCON
11,14,David Vuckovich,Mid,,,2,2,0,6,/events/teams/?EventTeamId=r6OJCCtJaBVUW0U5Z8vjHPtZ1vWTV%2f6A1qYzACP8eZg%3d,PoNY,14,DAVID VUCKOVICH
12,15,Kevin Norton,,,,1,0,1,0,/events/teams/?EventTeamId=r6OJCCtJaBVUW0U5Z8vjHPtZ1vWTV%2f6A1qYzACP8eZg%3d,PoNY,14,KEVIN NORTON
13,18,Tyler Haskell,,,,1,0,1,0,/events/teams/?EventTeamId=r6OJCCtJaBVUW0U5Z8vjHPtZ1vWTV%2f6A1qYzACP8eZg%3d,PoNY,14,TYLER HASKELL
14,19,Isaac Saul,Handler,,,0,2,0,1,/events/teams/?EventTeamId=r6OJCCtJaBVUW0U5Z8vjHPtZ1vWTV%2f6A1qYzACP8eZg%3d,PoNY,14,ISAAC SAUL
15,21,Samuel Carletta,Defense (Handler),,"5'10""",3,0,0,0,/events/teams/?EventTeamId=r6OJCCtJaBVUW0U5Z8vjHPtZ1vWTV%2f6A1qYzACP8eZg%3d,PoNY,14,SAMUEL CARLETTA
16,22,Jack Marsh,Mid,,,3,5,0,7,/events/teams/?EventTeamId=r6OJCCtJaBVUW0U5Z8vjHPtZ1vWTV%2f6A1qYzACP8eZg%3d,PoNY,14,JACK MARSH
17,27,Nathan Shapiro,,,,0,1,1,2,/events/teams/?EventTeamId=r6OJCCtJaBVUW0U5Z8vjHPtZ1vWTV%2f6A1qYzACP8eZg%3d,PoNY,14,NATHAN SHAPIRO
18,29,Ian Guerin,Defense (Cutter),,,1,1,0,0,/events/teams/?EventTeamId=r6OJCCtJaBVUW0U5Z8vjHPtZ1vWTV%2f6A1qYzACP8eZg%3d,PoNY,14,IAN GUERIN
19,31,Chris Kocher,,,,10,14,4,8,/events/teams/?EventTeamId=r6OJCCtJaBVUW0U5Z8vjHPtZ1vWTV%2f6A1qYzACP8eZg%3d,PoNY,14,CHRIS KOCHER
20,32,Nasser Mbae Vogel,,,"5'10""",3,2,0,0,/events/teams/?EventTeamId=r6OJCCtJaBVUW0U5Z8vjHPtZ1vWTV%2f6A1qYzACP8eZg%3d,PoNY,14,NASSER MBAE VOGEL
21,33,Jake Herman,Mid,,,0,1,0,1,/events/teams/?EventTeamId=r6OJCCtJaBVUW0U5Z8vjHPtZ1vWTV%2f6A1qYzACP8eZg%3d,PoNY,14,JAKE HERMAN
22,43,Josue Alorro,Defense (Handler),,"5'9""",1,0,0,0,/events/teams/?EventTeamId=r6OJCCtJaBVUW0U5Z8vjHPtZ1vWTV%2f6A1qYzACP8eZg%3d,PoNY,14,JOSUE ALORRO
23,47,Conrad Schloer,,,,0,1,3,4,/events/teams/?EventTeamId=r6OJCCtJaBVUW0U5Z8vjHPtZ1vWTV%2f6A1qYzACP8eZg%3d,PoNY,14,CONRAD SCHLOER
24,50,Milo Snyder,,,"1'0""",5,2,1,0,/events/teams/?EventTeamId=r6OJCCtJaBVUW0U5Z8vjHPtZ1vWTV%2f6A1qYzACP8eZg%3d,PoNY,14,MILO SNYDER
25,69,Ben Jagt,Deep,,"6'4""",16,9,10,5,/events/teams/?EventTeamId=r6OJCCtJaBVUW0U5Z8vjHPtZ1vWTV%2f6A1qYzACP8eZg%3d,PoNY,14,BEN JAGT
26,80,Michael Drost,,,,6,1,5,2,/events/teams/?EventTeamId=r6OJCCtJaBVUW0U5Z8vjHPtZ1vWTV%2f6A1qYzACP8eZg%3d,PoNY,14,MICHAEL DROST
0,0,Jesse White,Cutter,,,2,0,2,0,/events/teams/?EventTeamId=Tt0bWF%2bHs0iIxp%2b0jUIMxmA%2f5KD%2faC3YRUb76kFKvGU%3d,Chicago Machine,7,JESSE WHITE
1,1,David Libo-on,Handler,,,0,2,2,1,/events/teams/?EventTeamId=Tt0bWF%2bHs0iIxp%2b0jUIMxmA%2f5KD%2faC3YRUb76kFKvGU%3d,Chicago Machine,7,DAVID LIBO-ON
2,2,Joshua Stevens-Stein,Cutter,,"5'9""",4,0,4,0,/events/teams/?EventTeamId=Tt0bWF%2bHs0iIxp%2b0jUIMxmA%2f5KD%2faC3YRUb76kFKvGU%3d,Chicago Machine,7,JOSHUA STEVENS-STEIN
3,5,Bradley Bolliger,Cutter,,,0,2,0,2,/events/teams/?EventTeamId=Tt0bWF%2bHs0iIxp%2b0jUIMxmA%2f5KD%2faC3YRUb76kFKvGU%3d,Chicago Machine,7,BRADLEY BOLLIGER
4,7,Jack Shanahan,Cutter,,"6'1""",6,2,0,1,/events/teams/?EventTeamId=Tt0bWF%2bHs0iIxp%2b0jUIMxmA%2f5KD%2faC3YRUb76kFKvGU%3d,Chicago Machine,7,JACK SHANAHAN
5,8,Stephan Mance,Handler,,,0,1,0,0,/events/teams/?EventTeamId=Tt0bWF%2bHs0iIxp%2b0jUIMxmA%2f5KD%2faC3YRUb76kFKvGU%3d,Chicago Machine,7,STEPHAN MANCE
6,10,Von Alanguilan,Cutter,,"1'0""",3,2,3,3,/events/teams/?EventTeamId=Tt0bWF%2bHs0iIxp%2b0jUIMxmA%2f5KD%2faC3YRUb76kFKvGU%3d,Chicago Machine,7,VON ALANGUILAN
7,12,Julian Childs-Walker,Handler,,,0,0,0,0,/events/teams/?EventTeamId=Tt0bWF%2bHs0iIxp%2b0jUIMxmA%2f5KD%2faC3YRUb76kFKvGU%3d,Chicago Machine,7,JULIAN CHILDS-WALKER
8,13,Alex Evangelides,Cutter,,"6'1""",2,8,1,8,/events/teams/?EventTeamId=Tt0bWF%2bHs0iIxp%2b0jUIMxmA%2f5KD%2faC3YRUb76kFKvGU%3d,Chicago Machine,7,ALEX EVANGELIDES
9,14,Jeffrey Weis,Cutter,,,0,1,1,0,/events/teams/?EventTeamId=Tt0bWF%2bHs0iIxp%2b0jUIMxmA%2f5KD%2faC3YRUb76kFKvGU%3d,Chicago Machine,7,JEFFREY WEIS
10,15,Andrew Sheehan,Handler,,"5'11""",0,0,1,4,/events/teams/?EventTeamId=Tt0bWF%2bHs0iIxp%2b0jUIMxmA%2f5KD%2faC3YRUb76kFKvGU%3d,Chicago Machine,7,ANDREW SHEEHAN
11,16,Yiding Hou,Handler,,,8,3,2,9,/events/teams/?EventTeamId=Tt0bWF%2bHs0iIxp%2b0jUIMxmA%2f5KD%2faC3YRUb76kFKvGU%3d,Chicago Machine,7,YIDING HOU
12,18,Cullen Geppert,Cutter,,"6'1""",4,1,1,4,/events/teams/?EventTeamId=Tt0bWF%2bHs0iIxp%2b0jUIMxmA%2f5KD%2faC3YRUb76kFKvGU%3d,Chicago Machine,7,CULLEN GEPPERT
13,22,Alex Champe,Cutter,,"5'10""",2,1,0,4,/events/teams/?EventTeamId=Tt0bWF%2bHs0iIxp%2b0jUIMxmA%2f5KD%2faC3YRUb76kFKvGU%3d,Chicago Machine,7,ALEX CHAMPE
14,23,Vincent Ciaramitaro,Handler,,"5'11""",2,0,1,1,/events/teams/?EventTeamId=Tt0bWF%2bHs0iIxp%2b0jUIMxmA%2f5KD%2faC3YRUb76kFKvGU%3d,Chicago Machine,7,VINCENT CIARAMITARO
15,24,Michael Pardo,Cutter,,"6'3""",4,0,1,6,/events/teams/?EventTeamId=Tt0bWF%2bHs0iIxp%2b0jUIMxmA%2f5KD%2faC3YRUb76kFKvGU%3d,Chicago Machine,7,MICHAEL PARDO
16,26,Kevin Kelly,Cutter,,"6'4""",1,1,3,4,/events/teams/?EventTeamId=Tt0bWF%2bHs0iIxp%2b0jUIMxmA%2f5KD%2faC3YRUb76kFKvGU%3d,Chicago Machine,7,KEVIN KELLY
17,29,Michael Schwenk,Cutter,,"6'2""",6,1,2,3,/events/teams/?EventTeamId=Tt0bWF%2bHs0iIxp%2b0jUIMxmA%2f5KD%2faC3YRUb76kFKvGU%3d,Chicago Machine,7,MICHAEL SCHWENK
18,31,Walden Nelson,Handler,,,4,2,4,0,/events/teams/?EventTeamId=Tt0bWF%2bHs0iIxp%2b0jUIMxmA%2f5KD%2faC3YRUb76kFKvGU%3d,Chicago Machine,7,WALDEN NELSON
19,36,Timothy Fergus,Handler,,,2,7,0,9,/events/teams/?EventTeamId=Tt0bWF%2bHs0iIxp%2b0jUIMxmA%2f5KD%2faC3YRUb76kFKvGU%3d,Chicago Machine,7,TIMOTHY FERGUS
20,37,Travis Carpenter,Cutter,,"6'0""",2,7,5,5,/events/teams/?EventTeamId=Tt0bWF%2bHs0iIxp%2b0jUIMxmA%2f5KD%2faC3YRUb76kFKvGU%3d,Chicago Machine,7,TRAVIS CARPENTER
21,51,Andrew (AJ) Nelson,Cutter,,"6'4""",7,2,7,5,/events/teams/?EventTeamId=Tt0bWF%2bHs0iIxp%2b0jUIMxmA%2f5KD%2faC3YRUb76kFKvGU%3d,Chicago Machine,7,ANDREW (AJ) NELSON
22,55,Pawel Janas,Handler,,"5'10""",3,14,3,10,/events/teams/?EventTeamId=Tt0bWF%2bHs0iIxp%2b0jUIMxmA%2f5KD%2faC3YRUb76kFKvGU%3d,Chicago Machine,7,PAWEL JANAS
23,64,Neal Phelps,Handler,,,2,1,1,2,/events/teams/?EventTeamId=Tt0bWF%2bHs0iIxp%2b0jUIMxmA%2f5KD%2faC3YRUb76kFKvGU%3d,Chicago Machine,7,NEAL PHELPS
0,0,Jacob Janin,,,,4,4,2,8,/events/teams/?EventTeamId=XKCywTKq3wIC1z9nN5OKL8ran3JVN1oLh7TJnLsjxIg%3d,Sockeye,2,JACOB JANIN
1,1,Donald Clark,,,"5'11""",2,0,1,0,/events/teams/?EventTeamId=XKCywTKq3wIC1z9nN5OKL8ran3JVN1oLh7TJnLsjxIg%3d,Sockeye,2,DONALD CLARK
2,2,Brice Dixon,,,,2,2,0,1,/events/teams/?EventTeamId=XKCywTKq3wIC1z9nN5OKL8ran3JVN1oLh7TJnLsjxIg%3d,Sockeye,2,BRICE DIXON
3,3,Mario O'Brien,,,,3,3,0,4,/events/teams/?EventTeamId=XKCywTKq3wIC1z9nN5OKL8ran3JVN1oLh7TJnLsjxIg%3d,Sockeye,2,MARIO O'BRIEN
4,6,Philip Murray,,,"6'0""",5,13,1,6,/events/teams/?EventTeamId=XKCywTKq3wIC1z9nN5OKL8ran3JVN1oLh7TJnLsjxIg%3d,Sockeye,2,PHILIP MURRAY
5,7,Zane Rankin,,,"6'2""",5,6,0,8,/events/teams/?EventTeamId=XKCywTKq3wIC1z9nN5OKL8ran3JVN1oLh7TJnLsjxIg%3d,Sockeye,2,ZANE RANKIN
6,8,Simon Montague,,,,0,3,3,8,/events/teams/?EventTeamId=XKCywTKq3wIC1z9nN5OKL8ran3JVN1oLh7TJnLsjxIg%3d,Sockeye,2,SIMON MONTAGUE
7,9,Sam Harkness,,,,3,2,0,0,/events/teams/?EventTeamId=XKCywTKq3wIC1z9nN5OKL8ran3JVN1oLh7TJnLsjxIg%3d,Sockeye,2,SAM HARKNESS
8,10,Dongyang Chen,,,,0,1,3,1,/events/teams/?EventTeamId=XKCywTKq3wIC1z9nN5OKL8ran3JVN1oLh7TJnLsjxIg%3d,Sockeye,2,DONGYANG CHEN
9,11,Reid Koss,,,,0,0,0,1,/events/teams/?EventTeamId=XKCywTKq3wIC1z9nN5OKL8ran3JVN1oLh7TJnLsjxIg%3d,Sockeye,2,REID KOSS
10,16,Trent Dillon,,,"5'11""",8,1,0,4,/events/teams/?EventTeamId=XKCywTKq3wIC1z9nN5OKL8ran3JVN1oLh7TJnLsjxIg%3d,Sockeye,2,TRENT DILLON
11,19,Husayn Carnegie,,,"6'0""",0,0,3,1,/events/teams/?EventTeamId=XKCywTKq3wIC1z9nN5OKL8ran3JVN1oLh7TJnLsjxIg%3d,Sockeye,2,HUSAYN CARNEGIE
12,22,Matt Russell,,,,5,5,3,2,/events/teams/?EventTeamId=XKCywTKq3wIC1z9nN5OKL8ran3JVN1oLh7TJnLsjxIg%3d,Sockeye,2,MATT RUSSELL
13,23,Danny Karlinsky,,,"5'8""",1,7,0,3,/events/teams/?EventTeamId=XKCywTKq3wIC1z9nN5OKL8ran3JVN1oLh7TJnLsjxIg%3d,Sockeye,2,DANNY KARLINSKY
14,24,Joe Sefton,,,"5'5""",3,3,1,4,/events/teams/?EventTeamId=XKCywTKq3wIC1z9nN5OKL8ran3JVN1oLh7TJnLsjxIg%3d,Sockeye,2,JOE SEFTON
15,25,Frank Devin Barich,,,,0,1,1,0,/events/teams/?EventTeamId=XKCywTKq3wIC1z9nN5OKL8ran3JVN1oLh7TJnLsjxIg%3d,Sockeye,2,FRANK DEVIN BARICH
16,26,Cooper Schumacher,,,"1'0""",2,0,0,0,/events/teams/?EventTeamId=XKCywTKq3wIC1z9nN5OKL8ran3JVN1oLh7TJnLsjxIg%3d,Sockeye,2,COOPER SCHUMACHER
17,27,William Katz,,,,0,4,2,4,/events/teams/?EventTeamId=XKCywTKq3wIC1z9nN5OKL8ran3JVN1oLh7TJnLsjxIg%3d,Sockeye,2,WILLIAM KATZ
18,28,Duncan Linn,,,,1,0,0,0,/events/teams/?EventTeamId=XKCywTKq3wIC1z9nN5OKL8ran3JVN1oLh7TJnLsjxIg%3d,Sockeye,2,DUNCAN LINN
19,31,Matthew Rehder,,,,1,3,3,3,/events/teams/?EventTeamId=XKCywTKq3wIC1z9nN5OKL8ran3JVN1oLh7TJnLsjxIg%3d,Sockeye,2,MATTHEW REHDER
20,33,Sam Hart,,,,8,3,3,1,/events/teams/?EventTeamId=XKCywTKq3wIC1z9nN5OKL8ran3JVN1oLh7TJnLsjxIg%3d,Sockeye,2,SAM HART
21,35,Dylan Freechild,,,,3,4,0,2,/events/teams/?EventTeamId=XKCywTKq3wIC1z9nN5OKL8ran3JVN1oLh7TJnLsjxIg%3d,Sockeye,2,DYLAN FREECHILD
22,37,Thomas Kulczak,,,"5'11""",3,0,1,0,/events/teams/?EventTeamId=XKCywTKq3wIC1z9nN5OKL8ran3JVN1oLh7TJnLsjxIg%3d,Sockeye,2,THOMAS KULCZAK
23,55,Will Chen,,,"6'1""",0,0,0,0,/events/teams/?EventTeamId=XKCywTKq3wIC1z9nN5OKL8ran3JVN1oLh7TJnLsjxIg%3d,Sockeye,2,WILL CHEN
24,70,Julian Hausman,,,,1,0,0,0,/events/teams/?EventTeamId=XKCywTKq3wIC1z9nN5OKL8ran3JVN1oLh7TJnLsjxIg%3d,Sockeye,2,JULIAN HAUSMAN
25,77,Ben Snell,,,,3,3,1,3,/events/teams/?EventTeamId=XKCywTKq3wIC1z9nN5OKL8ran3JVN1oLh7TJnLsjxIg%3d,Sockeye,2,BEN SNELL
26,87,Chris Kosednar,,,,5,2,1,6,/events/teams/?EventTeamId=XKCywTKq3wIC1z9nN5OKL8ran3JVN1oLh7TJnLsjxIg%3d,Sockeye,2,CHRIS KOSEDNAR
0,0,Jacob Taylor,Handler,,,1,0,0,0,/events/teams/?EventTeamId=i5DBQUM%2fwUp0jT5L%2buRhU9Mk6hw6123zVLzgIBjyprI%3d,Ironside,6,JACOB TAYLOR
1,1,Joshua Markette,Mid,,,4,4,1,4,/events/teams/?EventTeamId=i5DBQUM%2fwUp0jT5L%2buRhU9Mk6hw6123zVLzgIBjyprI%3d,Ironside,6,JOSHUA MARKETTE
2,2,John Irvine,,,"5'11""",0,0,1,1,/events/teams/?EventTeamId=i5DBQUM%2fwUp0jT5L%2buRhU9Mk6hw6123zVLzgIBjyprI%3d,Ironside,6,JOHN IRVINE
3,3,Kurt Gibson,Defense (Handler),,"6'2""",15,19,1,11,/events/teams/?EventTeamId=i5DBQUM%2fwUp0jT5L%2buRhU9Mk6hw6123zVLzgIBjyprI%3d,Ironside,6,KURT GIBSON
4,4,Jason (Jay) Clark,Defense (Cutter),,"6'2""",6,1,1,3,/events/teams/?EventTeamId=i5DBQUM%2fwUp0jT5L%2buRhU9Mk6hw6123zVLzgIBjyprI%3d,Ironside,6,JASON (JAY) CLARK
5,5,Jordan Taylor,Defense (Cutter),,"6'0""",1,0,1,1,/events/teams/?EventTeamId=i5DBQUM%2fwUp0jT5L%2buRhU9Mk6hw6123zVLzgIBjyprI%3d,Ironside,6,JORDAN TAYLOR
6,7,William Neff,Mid,,,4,4,0,4,/events/teams/?EventTeamId=i5DBQUM%2fwUp0jT5L%2buRhU9Mk6hw6123zVLzgIBjyprI%3d,Ironside,6,WILLIAM NEFF
7,8,Peter Prial,Handler/Cutter,,"6'3""",19,12,1,4,/events/teams/?EventTeamId=i5DBQUM%2fwUp0jT5L%2buRhU9Mk6hw6123zVLzgIBjyprI%3d,Ironside,6,PETER PRIAL
8,9,Eric Shaw,,,,1,0,0,1,/events/teams/?EventTeamId=i5DBQUM%2fwUp0jT5L%2buRhU9Mk6hw6123zVLzgIBjyprI%3d,Ironside,6,ERIC SHAW
9,10,Tyler Chan,Defense (Handler),,,5,4,3,2,/events/teams/?EventTeamId=i5DBQUM%2fwUp0jT5L%2buRhU9Mk6hw6123zVLzgIBjyprI%3d,Ironside,6,TYLER CHAN
10,11,Christian Foster,Defense (Handler),,,4,4,2,6,/events/teams/?EventTeamId=i5DBQUM%2fwUp0jT5L%2buRhU9Mk6hw6123zVLzgIBjyprI%3d,Ironside,6,CHRISTIAN FOSTER
11,12,Alex Simmons,Defense (Handler),,,1,6,3,4,/events/teams/?EventTeamId=i5DBQUM%2fwUp0jT5L%2buRhU9Mk6hw6123zVLzgIBjyprI%3d,Ironside,6,ALEX SIMMONS
12,13,Thomas Annen,Defense (Handler),,"5'11""",1,1,1,1,/events/teams/?EventTeamId=i5DBQUM%2fwUp0jT5L%2buRhU9Mk6hw6123zVLzgIBjyprI%3d,Ironside,6,THOMAS ANNEN
13,16,David Ferraro,Defense (Cutter),,"5'11""",1,1,1,0,/events/teams/?EventTeamId=i5DBQUM%2fwUp0jT5L%2buRhU9Mk6hw6123zVLzgIBjyprI%3d,Ironside,6,DAVID FERRARO
14,17,R. Thomas Sayre-McCord,Defense (Cutter),,,0,1,2,0,/events/teams/?EventTeamId=i5DBQUM%2fwUp0jT5L%2buRhU9Mk6hw6123zVLzgIBjyprI%3d,Ironside,6,R. THOMAS SAYRE-MCCORD
15,18,Ryan Dinger,,,"6'0""",0,1,0,0,/events/teams/?EventTeamId=i5DBQUM%2fwUp0jT5L%2buRhU9Mk6hw6123zVLzgIBjyprI%3d,Ironside,6,RYAN DINGER
16,19,William Dean,Defense (Handler),,,2,2,0,2,/events/teams/?EventTeamId=i5DBQUM%2fwUp0jT5L%2buRhU9Mk6hw6123zVLzgIBjyprI%3d,Ironside,6,WILLIAM DEAN
17,22,Michael Voelpel,,,,1,0,0,0,/events/teams/?EventTeamId=i5DBQUM%2fwUp0jT5L%2buRhU9Mk6hw6123zVLzgIBjyprI%3d,Ironside,6,MICHAEL VOELPEL
18,24,Davis Whitehead,,,,0,0,0,0,/events/teams/?EventTeamId=i5DBQUM%2fwUp0jT5L%2buRhU9Mk6hw6123zVLzgIBjyprI%3d,Ironside,6,DAVIS WHITEHEAD
19,25,John Stubbs,Defense (Cutter),,"6'0""",6,11,3,6,/events/teams/?EventTeamId=i5DBQUM%2fwUp0jT5L%2buRhU9Mk6hw6123zVLzgIBjyprI%3d,Ironside,6,JOHN STUBBS
20,27,Jack Hatchett,Defense (Cutter),,"6'0""",3,3,1,3,/events/teams/?EventTeamId=i5DBQUM%2fwUp0jT5L%2buRhU9Mk6hw6123zVLzgIBjyprI%3d,Ironside,6,JACK HATCHETT
21,28,Benjamin Katz,,,,1,0,3,0,/events/teams/?EventTeamId=i5DBQUM%2fwUp0jT5L%2buRhU9Mk6hw6123zVLzgIBjyprI%3d,Ironside,6,BENJAMIN KATZ
22,33,Nico Mueller,,,"5'10""",2,3,3,4,/events/teams/?EventTeamId=i5DBQUM%2fwUp0jT5L%2buRhU9Mk6hw6123zVLzgIBjyprI%3d,Ironside,6,NICO MUELLER
23,74,Mac Hecht,,,"6'1""",1,2,1,2,/events/teams/?EventTeamId=i5DBQUM%2fwUp0jT5L%2buRhU9Mk6hw6123zVLzgIBjyprI%3d,Ironside,6,MAC HECHT
24,99,Misha Herscu,Dump,,,0,0,0,0,/events/teams/?EventTeamId=i5DBQUM%2fwUp0jT5L%2buRhU9Mk6hw6123zVLzgIBjyprI%3d,Ironside,6,MISHA HERSCU
0,0,Jonathan Helton,Cutter,,"6'0""",7,4,2,6,/events/teams/?EventTeamId=qvytO%2bxm7g9yo3AJHHfBjFUDGkyAYGmbyA5MqELejIk%3d,Ring of Fire,3,JONATHAN HELTON
1,1,Justin Allen,Cutter,,,3,0,2,5,/events/teams/?EventTeamId=qvytO%2bxm7g9yo3AJHHfBjFUDGkyAYGmbyA5MqELejIk%3d,Ring of Fire,3,JUSTIN ALLEN
2,2,Hunter Taylor,Cutter,,,2,0,1,3,/events/teams/?EventTeamId=qvytO%2bxm7g9yo3AJHHfBjFUDGkyAYGmbyA5MqELejIk%3d,Ring of Fire,3,HUNTER TAYLOR
3,3,Josh Mullen,Handler,,,1,1,0,1,/events/teams/?EventTeamId=qvytO%2bxm7g9yo3AJHHfBjFUDGkyAYGmbyA5MqELejIk%3d,Ring of Fire,3,JOSH MULLEN
4,4,Dillon Lanier,Cutter,,"6'0""",2,2,2,1,/events/teams/?EventTeamId=qvytO%2bxm7g9yo3AJHHfBjFUDGkyAYGmbyA5MqELejIk%3d,Ring of Fire,3,DILLON LANIER
5,5,Matt Bode,Cutter,,,2,2,4,5,/events/teams/?EventTeamId=qvytO%2bxm7g9yo3AJHHfBjFUDGkyAYGmbyA5MqELejIk%3d,Ring of Fire,3,MATT BODE
6,6,Jeff Nordgren,Cutter,,"5'10""",1,0,1,0,/events/teams/?EventTeamId=qvytO%2bxm7g9yo3AJHHfBjFUDGkyAYGmbyA5MqELejIk%3d,Ring of Fire,3,JEFF NORDGREN
7,7,Jonathan Nethercutt,Handler,,,6,18,8,23,/events/teams/?EventTeamId=qvytO%2bxm7g9yo3AJHHfBjFUDGkyAYGmbyA5MqELejIk%3d,Ring of Fire,3,JONATHAN NETHERCUTT
8,8,Terrence Mitchell,Cutter,,"1'0""",3,0,0,1,/events/teams/?EventTeamId=qvytO%2bxm7g9yo3AJHHfBjFUDGkyAYGmbyA5MqELejIk%3d,Ring of Fire,3,TERRENCE MITCHELL
9,9,JD Hastings,Handler,,"6'6""",3,2,2,1,/events/teams/?EventTeamId=qvytO%2bxm7g9yo3AJHHfBjFUDGkyAYGmbyA5MqELejIk%3d,Ring of Fire,3,JD HASTINGS
10,10,Henry Fisher,Cutter,,"6'5""",12,4,3,4,/events/teams/?EventTeamId=qvytO%2bxm7g9yo3AJHHfBjFUDGkyAYGmbyA5MqELejIk%3d,Ring of Fire,3,HENRY FISHER
11,11,Evan Howey,Handler,,,0,1,1,1,/events/teams/?EventTeamId=qvytO%2bxm7g9yo3AJHHfBjFUDGkyAYGmbyA5MqELejIk%3d,Ring of Fire,3,EVAN HOWEY
12,12,Joey Cretella,Cutter,,,3,2,1,3,/events/teams/?EventTeamId=qvytO%2bxm7g9yo3AJHHfBjFUDGkyAYGmbyA5MqELejIk%3d,Ring of Fire,3,JOEY CRETELLA
13,13,Shane Sisco,Cutter,,"5'11""",1,0,1,1,/events/teams/?EventTeamId=qvytO%2bxm7g9yo3AJHHfBjFUDGkyAYGmbyA5MqELejIk%3d,Ring of Fire,3,SHANE SISCO
14,14,Jakeem Polk,Cutter,,"6'1""",0,0,0,1,/events/teams/?EventTeamId=qvytO%2bxm7g9yo3AJHHfBjFUDGkyAYGmbyA5MqELejIk%3d,Ring of Fire,3,JAKEEM POLK
15,15,Eric C Taylor,Cutter,,"6'1""",2,2,2,3,/events/teams/?EventTeamId=qvytO%2bxm7g9yo3AJHHfBjFUDGkyAYGmbyA5MqELejIk%3d,Ring of Fire,3,ERIC C TAYLOR
16,20,Jacob Fairfax,Cutter,,,7,4,3,2,/events/teams/?EventTeamId=qvytO%2bxm7g9yo3AJHHfBjFUDGkyAYGmbyA5MqELejIk%3d,Ring of Fire,3,JACOB FAIRFAX
17,21,Matthew Gouchoe-Hanas,Handler,,"1'0""",3,7,2,4,/events/teams/?EventTeamId=qvytO%2bxm7g9yo3AJHHfBjFUDGkyAYGmbyA5MqELejIk%3d,Ring of Fire,3,MATTHEW GOUCHOE-HANAS
18,22,Solomon Yanuck,Handler,,"5'11""",2,6,1,8,/events/teams/?EventTeamId=qvytO%2bxm7g9yo3AJHHfBjFUDGkyAYGmbyA5MqELejIk%3d,Ring of Fire,3,SOLOMON YANUCK
19,24,Noah Saul,Handler,,,5,8,3,7,/events/teams/?EventTeamId=qvytO%2bxm7g9yo3AJHHfBjFUDGkyAYGmbyA5MqELejIk%3d,Ring of Fire,3,NOAH SAUL
20,26,Nathan Goff,Cutter,,,0,2,1,1,/events/teams/?EventTeamId=qvytO%2bxm7g9yo3AJHHfBjFUDGkyAYGmbyA5MqELejIk%3d,Ring of Fire,3,NATHAN GOFF
21,28,Jack Williams,Cutter,,,9,12,7,7,/events/teams/?EventTeamId=qvytO%2bxm7g9yo3AJHHfBjFUDGkyAYGmbyA5MqELejIk%3d,Ring of Fire,3,JACK WILLIAMS
22,31,Bob Liu,Handler,,"5'8""",4,4,1,7,/events/teams/?EventTeamId=qvytO%2bxm7g9yo3AJHHfBjFUDGkyAYGmbyA5MqELejIk%3d,Ring of Fire,3,BOB LIU
23,45,Brett Matzuka,Handler,,,1,6,1,7,/events/teams/?EventTeamId=qvytO%2bxm7g9yo3AJHHfBjFUDGkyAYGmbyA5MqELejIk%3d,Ring of Fire,3,BRETT MATZUKA
24,51,Timothy McAllister,Cutter,,"10'11""",7,0,2,1,/events/teams/?EventTeamId=qvytO%2bxm7g9yo3AJHHfBjFUDGkyAYGmbyA5MqELejIk%3d,Ring of Fire,3,TIMOTHY MCALLISTER
25,84,David Richardson,Cutter,,"6'3""",3,1,0,3,/events/teams/?EventTeamId=qvytO%2bxm7g9yo3AJHHfBjFUDGkyAYGmbyA5MqELejIk%3d,Ring of Fire,3,DAVID RICHARDSON
26,99,Joshua Hartzog,Cutter,,,0,0,1,1,/events/teams/?EventTeamId=qvytO%2bxm7g9yo3AJHHfBjFUDGkyAYGmbyA5MqELejIk%3d,Ring of Fire,3,JOSHUA HARTZOG
0,3,Andrew Carroll,Handler,,"5'10""",13,8,2,4,/events/teams/?EventTeamId=5HZvkwcZ%2fcEDgQYK0NJ3DiYGJEBqo8t0u9rW27p1%2bX0%3d,GOAT,10,ANDREW CARROLL
1,5,Derek Fan,,,,0,0,1,1,/events/teams/?EventTeamId=5HZvkwcZ%2fcEDgQYK0NJ3DiYGJEBqo8t0u9rW27p1%2bX0%3d,GOAT,10,DEREK FAN
2,6,Jaret Meron,,,,2,3,3,2,/events/teams/?EventTeamId=5HZvkwcZ%2fcEDgQYK0NJ3DiYGJEBqo8t0u9rW27p1%2bX0%3d,GOAT,10,JARET MERON
3,10,Paul Tatulea,Handler/Cutter,,"6'0""",0,0,0,2,/events/teams/?EventTeamId=5HZvkwcZ%2fcEDgQYK0NJ3DiYGJEBqo8t0u9rW27p1%2bX0%3d,GOAT,10,PAUL TATULEA
4,12,Remi Jr. Ojo,Defense (Cutter),,"6'1""",1,0,2,1,/events/teams/?EventTeamId=5HZvkwcZ%2fcEDgQYK0NJ3DiYGJEBqo8t0u9rW27p1%2bX0%3d,GOAT,10,REMI JR. OJO
5,13,Iain MacKenzie,Defense (Cutter),,"6'1""",3,2,3,1,/events/teams/?EventTeamId=5HZvkwcZ%2fcEDgQYK0NJ3DiYGJEBqo8t0u9rW27p1%2bX0%3d,GOAT,10,IAIN MACKENZIE
6,14,Marijo Zlatic,Defense (Cutter),,"6'1""",3,1,6,5,/events/teams/?EventTeamId=5HZvkwcZ%2fcEDgQYK0NJ3DiYGJEBqo8t0u9rW27p1%2bX0%3d,GOAT,10,MARIJO ZLATIC
7,15,Jacky Hau,Defense (Cutter),,"6'2""",2,3,4,6,/events/teams/?EventTeamId=5HZvkwcZ%2fcEDgQYK0NJ3DiYGJEBqo8t0u9rW27p1%2bX0%3d,GOAT,10,JACKY HAU
8,16,Ben Pries,Defense (Cutter),,"5'10""",1,1,0,1,/events/teams/?EventTeamId=5HZvkwcZ%2fcEDgQYK0NJ3DiYGJEBqo8t0u9rW27p1%2bX0%3d,GOAT,10,BEN PRIES
9,18,Anatoly Vasilyev,Defense (Handler),,"5'11""",1,2,1,1,/events/teams/?EventTeamId=5HZvkwcZ%2fcEDgQYK0NJ3DiYGJEBqo8t0u9rW27p1%2bX0%3d,GOAT,10,ANATOLY VASILYEV
10,19,Thomson McKnight,Handler,,"6'2""",0,5,1,8,/events/teams/?EventTeamId=5HZvkwcZ%2fcEDgQYK0NJ3DiYGJEBqo8t0u9rW27p1%2bX0%3d,GOAT,10,THOMSON MCKNIGHT
11,20,Jeff Lindquist,,,,2,4,1,3,/events/teams/?EventTeamId=5HZvkwcZ%2fcEDgQYK0NJ3DiYGJEBqo8t0u9rW27p1%2bX0%3d,GOAT,10,JEFF LINDQUIST
12,21,Geoffrey Powell,Defense (Cutter),,"6'0""",3,2,3,2,/events/teams/?EventTeamId=5HZvkwcZ%2fcEDgQYK0NJ3DiYGJEBqo8t0u9rW27p1%2bX0%3d,GOAT,10,GEOFFREY POWELL
13,24,Jeremy Norden,,,,0,2,0,2,/events/teams/?EventTeamId=5HZvkwcZ%2fcEDgQYK0NJ3DiYGJEBqo8t0u9rW27p1%2bX0%3d,GOAT,10,JEREMY NORDEN
14,25,Jay Boychuk,,,,5,4,0,1,/events/teams/?EventTeamId=5HZvkwcZ%2fcEDgQYK0NJ3DiYGJEBqo8t0u9rW27p1%2bX0%3d,GOAT,10,JAY BOYCHUK
15,27,Nathan Hirst,,,"5'9""",4,1,1,6,/events/teams/?EventTeamId=5HZvkwcZ%2fcEDgQYK0NJ3DiYGJEBqo8t0u9rW27p1%2bX0%3d,GOAT,10,NATHAN HIRST
16,43,Andrew Ouchterlony,,,"6'3""",4,4,1,1,/events/teams/?EventTeamId=5HZvkwcZ%2fcEDgQYK0NJ3DiYGJEBqo8t0u9rW27p1%2bX0%3d,GOAT,10,ANDREW OUCHTERLONY
17,45,David Hochhalter,,,,0,6,6,6,/events/teams/?EventTeamId=5HZvkwcZ%2fcEDgQYK0NJ3DiYGJEBqo8t0u9rW27p1%2bX0%3d,GOAT,10,DAVID HOCHHALTER
18,54,Connor Armstrong,,,,4,5,1,3,/events/teams/?EventTeamId=5HZvkwcZ%2fcEDgQYK0NJ3DiYGJEBqo8t0u9rW27p1%2bX0%3d,GOAT,10,CONNOR ARMSTRONG
19,55,Kinley Gee,Handler,,"5'10""",2,1,0,3,/events/teams/?EventTeamId=5HZvkwcZ%2fcEDgQYK0NJ3DiYGJEBqo8t0u9rW27p1%2bX0%3d,GOAT,10,KINLEY GEE
20,73,Benjamin Burelle,Dump,,"5'7""",7,6,0,4,/events/teams/?EventTeamId=5HZvkwcZ%2fcEDgQYK0NJ3DiYGJEBqo8t0u9rW27p1%2bX0%3d,GOAT,10,BENJAMIN BURELLE
21,77,Michael MacKenzie,,,,0,0,0,0,/events/teams/?EventTeamId=5HZvkwcZ%2fcEDgQYK0NJ3DiYGJEBqo8t0u9rW27p1%2bX0%3d,GOAT,10,MICHAEL MACKENZIE
22,80,Jonathan (JJ) Edwards,,,,1,2,2,3,/events/teams/?EventTeamId=5HZvkwcZ%2fcEDgQYK0NJ3DiYGJEBqo8t0u9rW27p1%2bX0%3d,GOAT,10,JONATHAN (JJ) EDWARDS
23,81,Adrian Yearwood,,,,5,3,0,4,/events/teams/?EventTeamId=5HZvkwcZ%2fcEDgQYK0NJ3DiYGJEBqo8t0u9rW27p1%2bX0%3d,GOAT,10,ADRIAN YEARWOOD
24,83,Jason Huynh,,,,2,2,1,3,/events/teams/?EventTeamId=5HZvkwcZ%2fcEDgQYK0NJ3DiYGJEBqo8t0u9rW27p1%2bX0%3d,GOAT,10,JASON HUYNH
25,87,Brett Tan,,,,7,0,4,3,/events/teams/?EventTeamId=5HZvkwcZ%2fcEDgQYK0NJ3DiYGJEBqo8t0u9rW27p1%2bX0%3d,GOAT,10,BRETT TAN
26,91,Cameron Harris,,,,7,13,4,11,/events/teams/?EventTeamId=5HZvkwcZ%2fcEDgQYK0NJ3DiYGJEBqo8t0u9rW27p1%2bX0%3d,GOAT,10,CAMERON HARRIS
0,0,David Brandolph,Handler,,,2,3,3,12,/events/teams/?EventTeamId=O8k%2f1y%2fSNcVueG%2bvt2HCCpw6ymQ%2bQM1rLe2WHSAodMc%3d,Patrol,15,DAVID BRANDOLPH
1,1,Colin McIntyre,Handler,,,0,0,1,1,/events/teams/?EventTeamId=O8k%2f1y%2fSNcVueG%2bvt2HCCpw6ymQ%2bQM1rLe2WHSAodMc%3d,Patrol,15,COLIN MCINTYRE
2,2,Greg Martin,Cutter,,,3,1,2,3,/events/teams/?EventTeamId=O8k%2f1y%2fSNcVueG%2bvt2HCCpw6ymQ%2bQM1rLe2WHSAodMc%3d,Patrol,15,GREG MARTIN
3,3,Gabe Colton,Cutter,,,0,1,0,4,/events/teams/?EventTeamId=O8k%2f1y%2fSNcVueG%2bvt2HCCpw6ymQ%2bQM1rLe2WHSAodMc%3d,Patrol,15,GABE COLTON
4,6,Leon Chou,Handler/Cutter,,,2,0,2,1,/events/teams/?EventTeamId=O8k%2f1y%2fSNcVueG%2bvt2HCCpw6ymQ%2bQM1rLe2WHSAodMc%3d,Patrol,15,LEON CHOU
5,7,Nick Hirannet,Handler,,,2,5,1,8,/events/teams/?EventTeamId=O8k%2f1y%2fSNcVueG%2bvt2HCCpw6ymQ%2bQM1rLe2WHSAodMc%3d,Patrol,15,NICK HIRANNET
6,8,Nick Patel,Handler/Cutter,,"5'7""",2,4,0,1,/events/teams/?EventTeamId=O8k%2f1y%2fSNcVueG%2bvt2HCCpw6ymQ%2bQM1rLe2WHSAodMc%3d,Patrol,15,NICK PATEL
7,9,Patrick Diviney,Cutter,,,1,1,0,1,/events/teams/?EventTeamId=O8k%2f1y%2fSNcVueG%2bvt2HCCpw6ymQ%2bQM1rLe2WHSAodMc%3d,Patrol,15,PATRICK DIVINEY
8,10,Matt Esser,Cutter,,,2,1,4,3,/events/teams/?EventTeamId=O8k%2f1y%2fSNcVueG%2bvt2HCCpw6ymQ%2bQM1rLe2WHSAodMc%3d,Patrol,15,MATT ESSER
9,11,Himalaya Mehta,Cutter,,"6'0""",3,0,1,2,/events/teams/?EventTeamId=O8k%2f1y%2fSNcVueG%2bvt2HCCpw6ymQ%2bQM1rLe2WHSAodMc%3d,Patrol,15,HIMALAYA MEHTA
10,12,Codi Wood,Handler,,,2,0,1,3,/events/teams/?EventTeamId=O8k%2f1y%2fSNcVueG%2bvt2HCCpw6ymQ%2bQM1rLe2WHSAodMc%3d,Patrol,15,CODI WOOD
11,13,Quinn Hunziker,Cutter,,,4,5,1,7,/events/teams/?EventTeamId=O8k%2f1y%2fSNcVueG%2bvt2HCCpw6ymQ%2bQM1rLe2WHSAodMc%3d,Patrol,15,QUINN HUNZIKER
12,14,Matthew Glazer,Cutter,,"5'11""",4,0,0,1,/events/teams/?EventTeamId=O8k%2f1y%2fSNcVueG%2bvt2HCCpw6ymQ%2bQM1rLe2WHSAodMc%3d,Patrol,15,MATTHEW GLAZER
13,18,William (Billy) Sickles,Cutter,,,2,1,2,2,/events/teams/?EventTeamId=O8k%2f1y%2fSNcVueG%2bvt2HCCpw6ymQ%2bQM1rLe2WHSAodMc%3d,Patrol,15,WILLIAM (BILLY) SICKLES
14,19,Tom Allen,Handler/Cutter,,,1,1,1,1,/events/teams/?EventTeamId=O8k%2f1y%2fSNcVueG%2bvt2HCCpw6ymQ%2bQM1rLe2WHSAodMc%3d,Patrol,15,TOM ALLEN
15,20,David Baer,Handler,,"5'9""",2,8,2,7,/events/teams/?EventTeamId=O8k%2f1y%2fSNcVueG%2bvt2HCCpw6ymQ%2bQM1rLe2WHSAodMc%3d,Patrol,15,DAVID BAER
16,21,Michael Panna,Handler/Cutter,,"5'9""",0,6,2,6,/events/teams/?EventTeamId=O8k%2f1y%2fSNcVueG%2bvt2HCCpw6ymQ%2bQM1rLe2WHSAodMc%3d,Patrol,15,MICHAEL PANNA
17,22,Matt Paparone,Cutter,,,0,0,0,0,/events/teams/?EventTeamId=O8k%2f1y%2fSNcVueG%2bvt2HCCpw6ymQ%2bQM1rLe2WHSAodMc%3d,Patrol,15,MATT PAPARONE
18,23,James Zuraw,Handler/Cutter,,"6'1""",2,0,1,7,/events/teams/?EventTeamId=O8k%2f1y%2fSNcVueG%2bvt2HCCpw6ymQ%2bQM1rLe2WHSAodMc%3d,Patrol,15,JAMES ZURAW
19,24,Ethan Peck,Handler/Cutter,,"1'0""",1,3,1,5,/events/teams/?EventTeamId=O8k%2f1y%2fSNcVueG%2bvt2HCCpw6ymQ%2bQM1rLe2WHSAodMc%3d,Patrol,15,ETHAN PECK
20,25,Trey (George) Katzenbach,Handler/Cutter,,"6'1""",1,2,0,2,/events/teams/?EventTeamId=O8k%2f1y%2fSNcVueG%2bvt2HCCpw6ymQ%2bQM1rLe2WHSAodMc%3d,Patrol,15,TREY (GEORGE) KATZENBACH
21,27,Jake Rainwater,Cutter,,,7,1,2,1,/events/teams/?EventTeamId=O8k%2f1y%2fSNcVueG%2bvt2HCCpw6ymQ%2bQM1rLe2WHSAodMc%3d,Patrol,15,JAKE RAINWATER
22,28,Andrew Nelson,Cutter,,"6'0""",0,1,1,2,/events/teams/?EventTeamId=O8k%2f1y%2fSNcVueG%2bvt2HCCpw6ymQ%2bQM1rLe2WHSAodMc%3d,Patrol,15,ANDREW NELSON
23,41,Daniel Hartsoe,Handler,,"1'0""",0,0,1,3,/events/teams/?EventTeamId=O8k%2f1y%2fSNcVueG%2bvt2HCCpw6ymQ%2bQM1rLe2WHSAodMc%3d,Patrol,15,DANIEL HARTSOE
24,48,Ryan Weaver,Handler,,"6'1""",2,2,0,1,/events/teams/?EventTeamId=O8k%2f1y%2fSNcVueG%2bvt2HCCpw6ymQ%2bQM1rLe2WHSAodMc%3d,Patrol,15,RYAN WEAVER
25,81,Sean Mott,Cutter,,,7,6,0,9,/events/teams/?EventTeamId=O8k%2f1y%2fSNcVueG%2bvt2HCCpw6ymQ%2bQM1rLe2WHSAodMc%3d,Patrol,15,SEAN MOTT
26,91,Vincent Reydams,Cutter,,,2,2,2,3,/events/teams/?EventTeamId=O8k%2f1y%2fSNcVueG%2bvt2HCCpw6ymQ%2bQM1rLe2WHSAodMc%3d,Patrol,15,VINCENT REYDAMS
0,1,Nathan Prior,,,,1,3,0,5,/events/teams/?EventTeamId=88go8vUBDeJku6f2IFdY%2fOPnlggj%2bq2FDoems6s5dtI%3d,Truck Stop,4,NATHAN PRIOR
1,3,Jackson Cochran,Mid,,"5'8""",3,7,5,2,/events/teams/?EventTeamId=88go8vUBDeJku6f2IFdY%2fOPnlggj%2bq2FDoems6s5dtI%3d,Truck Stop,4,JACKSON COCHRAN
2,4,Delrico Johnson,,,,3,0,5,2,/events/teams/?EventTeamId=88go8vUBDeJku6f2IFdY%2fOPnlggj%2bq2FDoems6s5dtI%3d,Truck Stop,4,DELRICO JOHNSON
3,5,David Cranston,Defense (Cutter),,"6'2""",6,1,3,3,/events/teams/?EventTeamId=88go8vUBDeJku6f2IFdY%2fOPnlggj%2bq2FDoems6s5dtI%3d,Truck Stop,4,DAVID CRANSTON
4,6,Jonathan Neeley,,,,1,6,0,4,/events/teams/?EventTeamId=88go8vUBDeJku6f2IFdY%2fOPnlggj%2bq2FDoems6s5dtI%3d,Truck Stop,4,JONATHAN NEELEY
5,7,Keven Moldenhauer,Handler,,"5'11""",1,2,1,2,/events/teams/?EventTeamId=88go8vUBDeJku6f2IFdY%2fOPnlggj%2bq2FDoems6s5dtI%3d,Truck Stop,4,KEVEN MOLDENHAUER
6,10,Tyler Monroe,,,"1'0""",9,11,2,5,/events/teams/?EventTeamId=88go8vUBDeJku6f2IFdY%2fOPnlggj%2bq2FDoems6s5dtI%3d,Truck Stop,4,TYLER MONROE
7,15,Nathan Castine,,,,2,3,4,5,/events/teams/?EventTeamId=88go8vUBDeJku6f2IFdY%2fOPnlggj%2bq2FDoems6s5dtI%3d,Truck Stop,4,NATHAN CASTINE
8,17,Eric Miner,,,,9,1,1,1,/events/teams/?EventTeamId=88go8vUBDeJku6f2IFdY%2fOPnlggj%2bq2FDoems6s5dtI%3d,Truck Stop,4,ERIC MINER
9,21,John Agan,,,,0,2,2,0,/events/teams/?EventTeamId=88go8vUBDeJku6f2IFdY%2fOPnlggj%2bq2FDoems6s5dtI%3d,Truck Stop,4,JOHN AGAN
10,22,Brian Marshall,Cutter,,"6'0""",6,2,3,2,/events/teams/?EventTeamId=88go8vUBDeJku6f2IFdY%2fOPnlggj%2bq2FDoems6s5dtI%3d,Truck Stop,4,BRIAN MARSHALL
11,24,Austin Bartenstein,,,,2,3,1,4,/events/teams/?EventTeamId=88go8vUBDeJku6f2IFdY%2fOPnlggj%2bq2FDoems6s5dtI%3d,Truck Stop,4,AUSTIN BARTENSTEIN
12,25,Marcus Thaw,Handler/Cutter,,"6'0""",2,0,1,0,/events/teams/?EventTeamId=88go8vUBDeJku6f2IFdY%2fOPnlggj%2bq2FDoems6s5dtI%3d,Truck Stop,4,MARCUS THAW
13,26,Allan Laviolette,,,,4,6,2,10,/events/teams/?EventTeamId=88go8vUBDeJku6f2IFdY%2fOPnlggj%2bq2FDoems6s5dtI%3d,Truck Stop,4,ALLAN LAVIOLETTE
14,27,Cody Johnston,Defense (Handler),,"6'0""",1,3,0,3,/events/teams/?EventTeamId=88go8vUBDeJku6f2IFdY%2fOPnlggj%2bq2FDoems6s5dtI%3d,Truck Stop,4,CODY JOHNSTON
15,28,Matthew Rowan McDonnell,Cutter,,,12,10,4,8,/events/teams/?EventTeamId=88go8vUBDeJku6f2IFdY%2fOPnlggj%2bq2FDoems6s5dtI%3d,Truck Stop,4,MATTHEW ROWAN MCDONNELL
16,33,Ryan Swift,,,,2,0,1,1,/events/teams/?EventTeamId=88go8vUBDeJku6f2IFdY%2fOPnlggj%2bq2FDoems6s5dtI%3d,Truck Stop,4,RYAN SWIFT
17,36,Nick Spiva,,,,3,17,5,13,/events/teams/?EventTeamId=88go8vUBDeJku6f2IFdY%2fOPnlggj%2bq2FDoems6s5dtI%3d,Truck Stop,4,NICK SPIVA
18,45,Jeff Wodatch,Cutter,,,6,1,0,1,/events/teams/?EventTeamId=88go8vUBDeJku6f2IFdY%2fOPnlggj%2bq2FDoems6s5dtI%3d,Truck Stop,4,JEFF WODATCH
19,47,John Walden,Mid,,"5'7""",1,0,0,0,/events/teams/?EventTeamId=88go8vUBDeJku6f2IFdY%2fOPnlggj%2bq2FDoems6s5dtI%3d,Truck Stop,4,JOHN WALDEN
20,53,Jonny Malks,Dump,,"5'11""",0,0,0,0,/events/teams/?EventTeamId=88go8vUBDeJku6f2IFdY%2fOPnlggj%2bq2FDoems6s5dtI%3d,Truck Stop,4,JONNY MALKS
21,63,David Shields,,,"5'9""",2,4,3,5,/events/teams/?EventTeamId=88go8vUBDeJku6f2IFdY%2fOPnlggj%2bq2FDoems6s5dtI%3d,Truck Stop,4,DAVID SHIELDS
22,84,Chuck Cantone,,,,2,0,1,0,/events/teams/?EventTeamId=88go8vUBDeJku6f2IFdY%2fOPnlggj%2bq2FDoems6s5dtI%3d,Truck Stop,4,CHUCK CANTONE
23,90,Markham Shofner,,,,6,4,5,8,/events/teams/?EventTeamId=88go8vUBDeJku6f2IFdY%2fOPnlggj%2bq2FDoems6s5dtI%3d,Truck Stop,4,MARKHAM SHOFNER
24,97,Bradley Scott,,,,1,0,0,0,/events/teams/?EventTeamId=88go8vUBDeJku6f2IFdY%2fOPnlggj%2bq2FDoems6s5dtI%3d,Truck Stop,4,BRADLEY SCOTT
0,2,Spencer Diamond,,,,4,6,3,2,/events/teams/?EventTeamId=mlG9O39ID%2fb%2fp%2blI%2fod7XTWuDoFWj7XRepgrDtRjBRs%3d,Dig,9,SPENCER DIAMOND
1,3,Ben Sadok,,,"5'5""",5,15,2,12,/events/teams/?EventTeamId=mlG9O39ID%2fb%2fp%2blI%2fod7XTWuDoFWj7XRepgrDtRjBRs%3d,Dig,9,BEN SADOK
2,4,Tanner Halkyard,Cutter,,"6'3""",3,5,2,4,/events/teams/?EventTeamId=mlG9O39ID%2fb%2fp%2blI%2fod7XTWuDoFWj7XRepgrDtRjBRs%3d,Dig,9,TANNER HALKYARD
3,5,Michael Sender,,,,0,1,0,1,/events/teams/?EventTeamId=mlG9O39ID%2fb%2fp%2blI%2fod7XTWuDoFWj7XRepgrDtRjBRs%3d,Dig,9,MICHAEL SENDER
4,6,Rocco Essex-Linehan,,,"6'0""",5,9,2,8,/events/teams/?EventTeamId=mlG9O39ID%2fb%2fp%2blI%2fod7XTWuDoFWj7XRepgrDtRjBRs%3d,Dig,9,ROCCO ESSEX-LINEHAN
5,7,Noah Backer,Handler,,"6'0""",6,1,1,7,/events/teams/?EventTeamId=mlG9O39ID%2fb%2fp%2blI%2fod7XTWuDoFWj7XRepgrDtRjBRs%3d,Dig,9,NOAH BACKER
6,8,Thomas Edmonds,,,"1'0""",1,5,0,3,/events/teams/?EventTeamId=mlG9O39ID%2fb%2fp%2blI%2fod7XTWuDoFWj7XRepgrDtRjBRs%3d,Dig,9,THOMAS EDMONDS
7,9,Misha Sidorsky,Defense (Cutter),,"5'10""",3,3,2,5,/events/teams/?EventTeamId=mlG9O39ID%2fb%2fp%2blI%2fod7XTWuDoFWj7XRepgrDtRjBRs%3d,Dig,9,MISHA SIDORSKY
8,11,Mat Little,Handler,,"5'10""",2,1,0,1,/events/teams/?EventTeamId=mlG9O39ID%2fb%2fp%2blI%2fod7XTWuDoFWj7XRepgrDtRjBRs%3d,Dig,9,MAT LITTLE
9,12,Timothy Schoch,,,"6'1""",2,2,1,3,/events/teams/?EventTeamId=mlG9O39ID%2fb%2fp%2blI%2fod7XTWuDoFWj7XRepgrDtRjBRs%3d,Dig,9,TIMOTHY SCHOCH
10,13,Hartley Greenwald,Dump,,"7'6""",1,1,1,0,/events/teams/?EventTeamId=mlG9O39ID%2fb%2fp%2blI%2fod7XTWuDoFWj7XRepgrDtRjBRs%3d,Dig,9,HARTLEY GREENWALD
11,14,Henry Babcock,,,,3,3,1,8,/events/teams/?EventTeamId=mlG9O39ID%2fb%2fp%2blI%2fod7XTWuDoFWj7XRepgrDtRjBRs%3d,Dig,9,HENRY BABCOCK
12,15,Dylan Best,,,,5,4,0,1,/events/teams/?EventTeamId=mlG9O39ID%2fb%2fp%2blI%2fod7XTWuDoFWj7XRepgrDtRjBRs%3d,Dig,9,DYLAN BEST
13,20,Jonah Kurman-Faber,,,"5'11""",1,0,0,2,/events/teams/?EventTeamId=mlG9O39ID%2fb%2fp%2blI%2fod7XTWuDoFWj7XRepgrDtRjBRs%3d,Dig,9,JONAH KURMAN-FABER
14,21,Willie Stewart,Handler,,"6'2""",1,1,2,2,/events/teams/?EventTeamId=mlG9O39ID%2fb%2fp%2blI%2fod7XTWuDoFWj7XRepgrDtRjBRs%3d,Dig,9,WILLIE STEWART
15,22,Ben Tseytlin,,,,6,3,3,7,/events/teams/?EventTeamId=mlG9O39ID%2fb%2fp%2blI%2fod7XTWuDoFWj7XRepgrDtRjBRs%3d,Dig,9,BEN TSEYTLIN
16,24,Eli Motycka,Dump,,"3'0""",3,1,1,0,/events/teams/?EventTeamId=mlG9O39ID%2fb%2fp%2blI%2fod7XTWuDoFWj7XRepgrDtRjBRs%3d,Dig,9,ELI MOTYCKA
17,27,Nicholas Thompson,,,,8,1,3,0,/events/teams/?EventTeamId=mlG9O39ID%2fb%2fp%2blI%2fod7XTWuDoFWj7XRepgrDtRjBRs%3d,Dig,9,NICHOLAS THOMPSON
18,33,Ryan Rzepka,,,,1,2,0,2,/events/teams/?EventTeamId=mlG9O39ID%2fb%2fp%2blI%2fod7XTWuDoFWj7XRepgrDtRjBRs%3d,Dig,9,RYAN RZEPKA
19,34,Rustin Ingold-Smith,Mid,,"6'0""",2,2,1,5,/events/teams/?EventTeamId=mlG9O39ID%2fb%2fp%2blI%2fod7XTWuDoFWj7XRepgrDtRjBRs%3d,Dig,9,RUSTIN INGOLD-SMITH
20,35,Dan Goldstein,Handler/Cutter,,"5'7""",1,3,1,0,/events/teams/?EventTeamId=mlG9O39ID%2fb%2fp%2blI%2fod7XTWuDoFWj7XRepgrDtRjBRs%3d,Dig,9,DAN GOLDSTEIN
21,55,Carter Thallon,,,,0,0,1,2,/events/teams/?EventTeamId=mlG9O39ID%2fb%2fp%2blI%2fod7XTWuDoFWj7XRepgrDtRjBRs%3d,Dig,9,CARTER THALLON
22,64,Frederik Brasz,,,,2,1,3,2,/events/teams/?EventTeamId=mlG9O39ID%2fb%2fp%2blI%2fod7XTWuDoFWj7XRepgrDtRjBRs%3d,Dig,9,FREDERIK BRASZ
23,71,Denis Maguire,Defense (Cutter),,"6'2""",0,3,0,2,/events/teams/?EventTeamId=mlG9O39ID%2fb%2fp%2blI%2fod7XTWuDoFWj7XRepgrDtRjBRs%3d,Dig,9,DENIS MAGUIRE
24,80,Chris Bartoli,,,"6'0""",1,0,3,0,/events/teams/?EventTeamId=mlG9O39ID%2fb%2fp%2blI%2fod7XTWuDoFWj7XRepgrDtRjBRs%3d,Dig,9,CHRIS BARTOLI
25,83,Alex Dagley,,,"6'1""",0,0,1,0,/events/teams/?EventTeamId=mlG9O39ID%2fb%2fp%2blI%2fod7XTWuDoFWj7XRepgrDtRjBRs%3d,Dig,9,ALEX DAGLEY
26,87,Jeffrey Babbitt,,,"6'2""",8,1,5,1,/events/teams/?EventTeamId=mlG9O39ID%2fb%2fp%2blI%2fod7XTWuDoFWj7XRepgrDtRjBRs%3d,Dig,9,JEFFREY BABBITT
0,0,Mark Rauls,Mid,,"5'5""",1,2,0,0,/events/teams/?EventTeamId=tKs%2bBLgN56u8oCoR2SH%2fcyZpX5C219qoUlFlemXFABc%3d,Johnny Bravo,5,MARK RAULS
1,1,Tom Tulett,,,"'""",1,5,0,4,/events/teams/?EventTeamId=tKs%2bBLgN56u8oCoR2SH%2fcyZpX5C219qoUlFlemXFABc%3d,Johnny Bravo,5,TOM TULETT
2,3,Jesse Roehm,,,,7,2,0,2,/events/teams/?EventTeamId=tKs%2bBLgN56u8oCoR2SH%2fcyZpX5C219qoUlFlemXFABc%3d,Johnny Bravo,5,JESSE ROEHM
3,5,Elliott Erickson,Defense (Cutter),,"5'9""",1,0,1,1,/events/teams/?EventTeamId=tKs%2bBLgN56u8oCoR2SH%2fcyZpX5C219qoUlFlemXFABc%3d,Johnny Bravo,5,ELLIOTT ERICKSON
4,6,Erik Hotaling,,,"1'0""",1,1,2,2,/events/teams/?EventTeamId=tKs%2bBLgN56u8oCoR2SH%2fcyZpX5C219qoUlFlemXFABc%3d,Johnny Bravo,5,ERIK HOTALING
5,7,David Wheeler,,,"6'3""",1,2,3,3,/events/teams/?EventTeamId=tKs%2bBLgN56u8oCoR2SH%2fcyZpX5C219qoUlFlemXFABc%3d,Johnny Bravo,5,DAVID WHEELER
6,8,Austin Gregersen,,,,7,7,0,2,/events/teams/?EventTeamId=tKs%2bBLgN56u8oCoR2SH%2fcyZpX5C219qoUlFlemXFABc%3d,Johnny Bravo,5,AUSTIN GREGERSEN
7,9,Ian Toner,Handler,,"5'10""",0,0,0,0,/events/teams/?EventTeamId=tKs%2bBLgN56u8oCoR2SH%2fcyZpX5C219qoUlFlemXFABc%3d,Johnny Bravo,5,IAN TONER
8,11,Joshua Crane,,,,1,0,0,2,/events/teams/?EventTeamId=tKs%2bBLgN56u8oCoR2SH%2fcyZpX5C219qoUlFlemXFABc%3d,Johnny Bravo,5,JOSHUA CRANE
9,15,Dennison Chris Bechis,,,,3,1,3,3,/events/teams/?EventTeamId=tKs%2bBLgN56u8oCoR2SH%2fcyZpX5C219qoUlFlemXFABc%3d,Johnny Bravo,5,DENNISON CHRIS BECHIS
10,19,Nick Lance,,,,5,8,2,9,/events/teams/?EventTeamId=tKs%2bBLgN56u8oCoR2SH%2fcyZpX5C219qoUlFlemXFABc%3d,Johnny Bravo,5,NICK LANCE
11,21,"Joseph ""Smash"" Anderson",,,,2,2,1,1,/events/teams/?EventTeamId=tKs%2bBLgN56u8oCoR2SH%2fcyZpX5C219qoUlFlemXFABc%3d,Johnny Bravo,5,"JOSEPH ""SMASH"" ANDERSON"
12,22,Stanley Peterson,,,,11,3,3,4,/events/teams/?EventTeamId=tKs%2bBLgN56u8oCoR2SH%2fcyZpX5C219qoUlFlemXFABc%3d,Johnny Bravo,5,STANLEY PETERSON
13,23,Jimmy Mickle,,,"6'3""",3,16,7,13,/events/teams/?EventTeamId=tKs%2bBLgN56u8oCoR2SH%2fcyZpX5C219qoUlFlemXFABc%3d,Johnny Bravo,5,JIMMY MICKLE
14,24,Jackson Kloor,,,,3,1,0,2,/events/teams/?EventTeamId=tKs%2bBLgN56u8oCoR2SH%2fcyZpX5C219qoUlFlemXFABc%3d,Johnny Bravo,5,JACKSON KLOOR
15,26,Owen Westbrook,,,,2,8,2,7,/events/teams/?EventTeamId=tKs%2bBLgN56u8oCoR2SH%2fcyZpX5C219qoUlFlemXFABc%3d,Johnny Bravo,5,OWEN WESTBROOK
16,32,Kevin Johnson,Deep,,"5'10""",4,0,1,1,/events/teams/?EventTeamId=tKs%2bBLgN56u8oCoR2SH%2fcyZpX5C219qoUlFlemXFABc%3d,Johnny Bravo,5,KEVIN JOHNSON
17,34,Henry Konker,Dump,,"1'0""",1,3,1,2,/events/teams/?EventTeamId=tKs%2bBLgN56u8oCoR2SH%2fcyZpX5C219qoUlFlemXFABc%3d,Johnny Bravo,5,HENRY KONKER
18,35,Todd Wolma,Defense (Cutter),,"6'1""",1,0,3,0,/events/teams/?EventTeamId=tKs%2bBLgN56u8oCoR2SH%2fcyZpX5C219qoUlFlemXFABc%3d,Johnny Bravo,5,TODD WOLMA
19,42,Ben Lohre,,,,9,8,3,6,/events/teams/?EventTeamId=tKs%2bBLgN56u8oCoR2SH%2fcyZpX5C219qoUlFlemXFABc%3d,Johnny Bravo,5,BEN LOHRE
20,45,Will Lohre,,,,3,3,0,0,/events/teams/?EventTeamId=tKs%2bBLgN56u8oCoR2SH%2fcyZpX5C219qoUlFlemXFABc%3d,Johnny Bravo,5,WILL LOHRE
21,57,J Wesley Chow,,,,1,2,0,3,/events/teams/?EventTeamId=tKs%2bBLgN56u8oCoR2SH%2fcyZpX5C219qoUlFlemXFABc%3d,Johnny Bravo,5,J WESLEY CHOW
22,66,Matt Jackson,Dump,,"5'8""",5,3,1,0,/events/teams/?EventTeamId=tKs%2bBLgN56u8oCoR2SH%2fcyZpX5C219qoUlFlemXFABc%3d,Johnny Bravo,5,MATT JACKSON
23,89,Mark Lloyd,,,,9,6,4,9,/events/teams/?EventTeamId=tKs%2bBLgN56u8oCoR2SH%2fcyZpX5C219qoUlFlemXFABc%3d,Johnny Bravo,5,MARK LLOYD
24,99,Alex Tatum,,,,0,0,0,0,/events/teams/?EventTeamId=tKs%2bBLgN56u8oCoR2SH%2fcyZpX5C219qoUlFlemXFABc%3d,Johnny Bravo,5,ALEX TATUM
0,1,Michael Kiyoi,,,,4,7,1,7,/events/teams/?EventTeamId=hfr52FV2eTIRnEhFFbQIM7A%2fdhuWLJzQQiEXJAdfAD0%3d,SoCal Condors,16,MICHAEL KIYOI
1,2,Sean Ham,,,,2,4,1,4,/events/teams/?EventTeamId=hfr52FV2eTIRnEhFFbQIM7A%2fdhuWLJzQQiEXJAdfAD0%3d,SoCal Condors,16,SEAN HAM
2,3,Zeke Ivers,,,,2,3,1,3,/events/teams/?EventTeamId=hfr52FV2eTIRnEhFFbQIM7A%2fdhuWLJzQQiEXJAdfAD0%3d,SoCal Condors,16,ZEKE IVERS
3,4,Will Griffin,,,"5'10""",6,5,2,9,/events/teams/?EventTeamId=hfr52FV2eTIRnEhFFbQIM7A%2fdhuWLJzQQiEXJAdfAD0%3d,SoCal Condors,16,WILL GRIFFIN
4,8,Nathan Ransom,,,,2,1,0,3,/events/teams/?EventTeamId=hfr52FV2eTIRnEhFFbQIM7A%2fdhuWLJzQQiEXJAdfAD0%3d,SoCal Condors,16,NATHAN RANSOM
5,9,Maxwell Hume,,,,8,7,1,6,/events/teams/?EventTeamId=hfr52FV2eTIRnEhFFbQIM7A%2fdhuWLJzQQiEXJAdfAD0%3d,SoCal Condors,16,MAXWELL HUME
6,10,Cameron Wariner,,,"6'1""",5,9,2,5,/events/teams/?EventTeamId=hfr52FV2eTIRnEhFFbQIM7A%2fdhuWLJzQQiEXJAdfAD0%3d,SoCal Condors,16,CAMERON WARINER
7,11,Steven Milardovich,,,,6,4,3,7,/events/teams/?EventTeamId=hfr52FV2eTIRnEhFFbQIM7A%2fdhuWLJzQQiEXJAdfAD0%3d,SoCal Condors,16,STEVEN MILARDOVICH
8,12,Alexandre Kupelian,,,"5'8""",1,1,0,0,/events/teams/?EventTeamId=hfr52FV2eTIRnEhFFbQIM7A%2fdhuWLJzQQiEXJAdfAD0%3d,SoCal Condors,16,ALEXANDRE KUPELIAN
9,13,Mark Leggio,Dump,,"1'4""",4,6,0,4,/events/teams/?EventTeamId=hfr52FV2eTIRnEhFFbQIM7A%2fdhuWLJzQQiEXJAdfAD0%3d,SoCal Condors,16,MARK LEGGIO
10,14,William Turner,,,"5'11""",5,3,4,7,/events/teams/?EventTeamId=hfr52FV2eTIRnEhFFbQIM7A%2fdhuWLJzQQiEXJAdfAD0%3d,SoCal Condors,16,WILLIAM TURNER
11,17,Hunter Corbett,,,,7,6,3,9,/events/teams/?EventTeamId=hfr52FV2eTIRnEhFFbQIM7A%2fdhuWLJzQQiEXJAdfAD0%3d,SoCal Condors,16,HUNTER CORBETT
12,19,Jeff Silverman,,,,4,2,6,4,/events/teams/?EventTeamId=hfr52FV2eTIRnEhFFbQIM7A%2fdhuWLJzQQiEXJAdfAD0%3d,SoCal Condors,16,JEFF SILVERMAN
13,22,Dan Bellinger,,,,1,0,0,1,/events/teams/?EventTeamId=hfr52FV2eTIRnEhFFbQIM7A%2fdhuWLJzQQiEXJAdfAD0%3d,SoCal Condors,16,DAN BELLINGER
14,24,David Ritchie,,,,0,2,1,1,/events/teams/?EventTeamId=hfr52FV2eTIRnEhFFbQIM7A%2fdhuWLJzQQiEXJAdfAD0%3d,SoCal Condors,16,DAVID RITCHIE
15,28,Kyle Rubin,,,"5'10""",1,0,0,1,/events/teams/?EventTeamId=hfr52FV2eTIRnEhFFbQIM7A%2fdhuWLJzQQiEXJAdfAD0%3d,SoCal Condors,16,KYLE RUBIN
16,29,Casey Wu,,,,3,0,0,0,/events/teams/?EventTeamId=hfr52FV2eTIRnEhFFbQIM7A%2fdhuWLJzQQiEXJAdfAD0%3d,SoCal Condors,16,CASEY WU
17,31,Ryan Slaughter,,,"5'11""",0,0,0,2,/events/teams/?EventTeamId=hfr52FV2eTIRnEhFFbQIM7A%2fdhuWLJzQQiEXJAdfAD0%3d,SoCal Condors,16,RYAN SLAUGHTER
18,42,Mark Slader,,,"6'1""",1,3,0,1,/events/teams/?EventTeamId=hfr52FV2eTIRnEhFFbQIM7A%2fdhuWLJzQQiEXJAdfAD0%3d,SoCal Condors,16,MARK SLADER
19,44,Nicholas Smith,,,,0,0,0,1,/events/teams/?EventTeamId=hfr52FV2eTIRnEhFFbQIM7A%2fdhuWLJzQQiEXJAdfAD0%3d,SoCal Condors,16,NICHOLAS SMITH
20,49,Matthew Parisi,,,,0,0,2,0,/events/teams/?EventTeamId=hfr52FV2eTIRnEhFFbQIM7A%2fdhuWLJzQQiEXJAdfAD0%3d,SoCal Condors,16,MATTHEW PARISI
21,55,Tyler Bacon,,,"5'8""",0,0,0,0,/events/teams/?EventTeamId=hfr52FV2eTIRnEhFFbQIM7A%2fdhuWLJzQQiEXJAdfAD0%3d,SoCal Condors,16,TYLER BACON
22,80,Brandon Severson,,,"6'1""",1,2,2,1,/events/teams/?EventTeamId=hfr52FV2eTIRnEhFFbQIM7A%2fdhuWLJzQQiEXJAdfAD0%3d,SoCal Condors,16,BRANDON SEVERSON
23,84,Jesse Cohen,,,"6'0""",7,6,1,8,/events/teams/?EventTeamId=hfr52FV2eTIRnEhFFbQIM7A%2fdhuWLJzQQiEXJAdfAD0%3d,SoCal Condors,16,JESSE COHEN
24,88,Samuel Fontaine,,,"5'11""",5,5,2,4,/events/teams/?EventTeamId=hfr52FV2eTIRnEhFFbQIM7A%2fdhuWLJzQQiEXJAdfAD0%3d,SoCal Condors,16,SAMUEL FONTAINE
25,91,Grant Boyd,,,"5'10""",0,1,0,1,/events/teams/?EventTeamId=hfr52FV2eTIRnEhFFbQIM7A%2fdhuWLJzQQiEXJAdfAD0%3d,SoCal Condors,16,GRANT BOYD
